{"type":"FeatureCollection", "features": [
{"type":"Feature","geometry":{"type":"MultiPolygon","coordinates":[[[[20.3009,39.3154],[20.348,39.2836],[20.3943,39.2853],[20.4327,39.2738],[20.4637,39.2735],[20.4389,39.3132],[20.4191,39.311],[20.3996,39.3237],[20.3747,39.3555],[20.3403,39.35],[20.3009,39.3154]]],[[[20.4777,39.2748],[20.4707,39.2621],[20.4761,39.2208],[20.532,39.1894],[20.596,39.1237],[20.6355,39.0961],[20.6618,39.0872],[20.692,39.0623],[20.7139,39.0302],[20.7113,39.0023],[20.7,38.9966],[20.7268,38.9496],[20.7573,38.9505],[20.759,38.9715],[20.8098,38.9731],[20.7777,38.9957],[20.7453,39.0061],[20.7645,39.0374],[20.7791,39.0451],[20.7626,39.0898],[20.7633,39.1013],[20.792,39.1099],[20.8026,39.1167],[20.8175,39.1419],[20.8342,39.1303],[20.9015,39.1908],[20.8772,39.217],[20.8587,39.2479],[20.8693,39.2602],[20.9002,39.2591],[20.9242,39.2707],[20.9279,39.2836],[20.9556,39.2932],[20.9629,39.3187],[20.9895,39.343],[20.9709,39.3593],[20.9924,39.3933],[20.9758,39.4067],[20.9431,39.3853],[20.9106,39.3937],[20.9082,39.3765],[20.8812,39.3659],[20.8641,39.3692],[20.8414,39.3525],[20.8153,39.3472],[20.7891,39.3736],[20.7672,39.3708],[20.7408,39.3807],[20.7284,39.3545],[20.7055,39.3349],[20.7,39.307],[20.6804,39.2879],[20.6409,39.3334],[20.6107,39.3275],[20.5944,39.3079],[20.5655,39.3137],[20.5236,39.3043],[20.5063,39.2853],[20.4777,39.2748]]]]},"properties":{"name":"Πρέβεζα","id":40}},
{"type":"Feature","geometry":{"type":"Polygon","coordinates":[[[21.3812,39.3563],[21.4161,39.3167],[21.4144,39.299],[21.4278,39.2812],[21.3944,39.2469],[21.3805,39.2444],[21.3536,39.219],[21.3536,39.1907],[21.3729,39.1745],[21.3962,39.1648],[21.4258,39.1772],[21.4691,39.2134],[21.5081,39.2355],[21.54,39.2162],[21.5919,39.2434],[21.6091,39.2409],[21.6359,39.2567],[21.6437,39.2454],[21.6862,39.2518],[21.6899,39.2078],[21.6988,39.1831],[21.7414,39.1799],[21.7238,39.1502],[21.73,39.1143],[21.7673,39.1132],[21.7714,39.102],[21.8177,39.1261],[21.8165,39.1381],[21.8359,39.1547],[21.8585,39.1516],[21.8927,39.1235],[21.9013,39.1068],[21.9312,39.1016],[21.9397,39.0653],[21.9482,39.0286],[22.0069,39.0298],[22.0193,39.0447],[22.0511,39.0504],[22.0423,39.0753],[22.1163,39.0981],[22.135,39.1135],[22.1674,39.1255],[22.1489,39.1532],[22.1831,39.1734],[22.1917,39.1931],[22.2098,39.2074],[22.2306,39.2386],[22.2459,39.246],[22.2539,39.27],[22.2229,39.2922],[22.2129,39.332],[22.2366,39.3378],[22.2262,39.367],[22.2636,39.3761],[22.2466,39.4022],[22.2463,39.4201],[22.2216,39.4249],[22.2226,39.4593],[22.2452,39.4848],[22.235,39.5187],[22.218,39.5078],[22.188,39.5067],[22.1758,39.5331],[22.1773,39.5506],[22.1433,39.5443],[22.0991,39.5562],[22.0498,39.5325],[22.0139,39.5546],[21.9982,39.5564],[21.9669,39.5365],[21.9195,39.5303],[21.9348,39.5081],[21.904,39.4942],[21.901,39.5148],[21.8762,39.5075],[21.8415,39.5129],[21.8025,39.4648],[21.7724,39.4615],[21.7504,39.4815],[21.7318,39.4725],[21.7029,39.4465],[21.6634,39.4474],[21.6196,39.4333],[21.5979,39.4557],[21.5594,39.407],[21.5155,39.3761],[21.4904,39.3855],[21.4783,39.4004],[21.4349,39.4155],[21.4004,39.4],[21.3769,39.3747],[21.3812,39.3563]]]},"properties":{"name":"Καρδίτσα","id":22}},
{"type":"Feature","geometry":{"type":"Polygon","coordinates":[[[22.2539,39.27],[22.2785,39.2609],[22.2876,39.237],[22.378,39.2266],[22.4072,39.2169],[22.4093,39.1978],[22.4383,39.1895],[22.4521,39.167],[22.4461,39.1404],[22.4796,39.1437],[22.5057,39.1312],[22.5555,39.1621],[22.5442,39.1833],[22.5608,39.1981],[22.5404,39.2349],[22.5346,39.2595],[22.5677,39.27],[22.6144,39.2644],[22.6267,39.2858],[22.6575,39.3099],[22.6509,39.3315],[22.6558,39.3543],[22.6283,39.3608],[22.6067,39.3988],[22.6601,39.4203],[22.6904,39.4129],[22.7219,39.4214],[22.7103,39.4548],[22.7205,39.4765],[22.7529,39.4889],[22.7608,39.5272],[22.7965,39.5123],[22.8033,39.5318],[22.835,39.5478],[22.8463,39.5644],[22.89,39.592],[22.916,39.6029],[22.9042,39.6251],[22.8888,39.6784],[22.8665,39.7329],[22.8584,39.778],[22.8463,39.803],[22.8134,39.8159],[22.7704,39.8542],[22.7365,39.869],[22.7138,39.9095],[22.7167,39.9385],[22.7077,39.9537],[22.6635,39.975],[22.6788,39.955],[22.6218,39.9717],[22.6012,39.9563],[22.5442,39.9522],[22.5338,39.9468],[22.4978,39.9691],[22.4959,40.0072],[22.4398,40.0302],[22.41,40.0351],[22.3997,40.0491],[22.3789,40.0391],[22.3464,40.0684],[22.3593,40.0869],[22.3713,40.1342],[22.3453,40.1437],[22.3521,40.1582],[22.3174,40.1818],[22.2867,40.1735],[22.2679,40.1586],[22.2634,40.141],[22.2435,40.1134],[22.2228,40.1059],[22.2073,40.1254],[22.2102,40.1491],[22.1997,40.1687],[22.2105,40.19],[22.1827,40.1966],[22.1474,40.1896],[22.1152,40.19],[22.088,40.1618],[22.1015,40.1462],[22.0761,40.1156],[22.0335,40.0867],[22.0213,40.0628],[21.9923,40.0565],[21.9946,40.0417],[21.961,40.0279],[21.9592,40.0079],[21.9324,39.9817],[21.8812,39.9544],[21.8639,39.9582],[21.9082,39.9258],[21.9004,39.903],[21.9112,39.89],[21.9182,39.8526],[21.99,39.8469],[22.0201,39.8264],[21.9674,39.8302],[21.9287,39.7915],[21.9259,39.7769],[21.9457,39.7564],[21.9403,39.7479],[21.9555,39.7182],[21.9771,39.6981],[22.0169,39.731],[22.0301,39.732],[22.0505,39.703],[22.0663,39.6679],[22.0806,39.6509],[22.1155,39.6632],[22.1373,39.6568],[22.1454,39.6191],[22.1616,39.6085],[22.1961,39.63],[22.2132,39.6262],[22.223,39.5978],[22.2143,39.5848],[22.1895,39.5778],[22.1773,39.5506],[22.1758,39.5331],[22.188,39.5067],[22.218,39.5078],[22.235,39.5187],[22.2452,39.4848],[22.2226,39.4593],[22.2216,39.4249],[22.2463,39.4201],[22.2466,39.4022],[22.2636,39.3761],[22.2262,39.367],[22.2366,39.3378],[22.2129,39.332],[22.2229,39.2922],[22.2539,39.27]]]},"properties":{"name":"Λάρισα","id":31}},
{"type":"Feature","geometry":{"type":"Polygon","coordinates":[[[21.9397,39.0653],[21.9038,39.0479],[21.8853,39.0258],[21.8641,39.0184],[21.8632,38.9993],[21.8325,38.9433],[21.8733,38.9254],[21.8854,38.9083],[21.8753,38.8672],[21.9048,38.8312],[21.9374,38.8147],[21.9462,38.7834],[21.9725,38.7694],[21.9994,38.7689],[22.0243,38.7683],[22.0589,38.7564],[22.0734,38.7407],[22.1214,38.7352],[22.1344,38.7127],[22.1537,38.7247],[22.1744,38.7252],[22.1833,38.7555],[22.2404,38.7735],[22.2682,38.7994],[22.2968,38.8076],[22.3162,38.7886],[22.2959,38.745],[22.3065,38.7176],[22.3428,38.7223],[22.3742,38.7347],[22.4056,38.7349],[22.4285,38.7235],[22.4538,38.7004],[22.4813,38.685],[22.5031,38.6543],[22.5536,38.653],[22.5683,38.6258],[22.5709,38.5714],[22.5815,38.5596],[22.6367,38.5118],[22.7183,38.5469],[22.7691,38.5873],[22.7916,38.5814],[22.8042,38.5949],[22.8287,38.5844],[22.86,38.5897],[22.8769,38.5504],[22.9078,38.5588],[22.9265,38.5557],[22.9535,38.5648],[23.0085,38.5408],[23.0375,38.5368],[23.0561,38.5445],[23.065,38.5792],[23.1093,38.5795],[23.1244,38.5855],[23.1328,38.5529],[23.151,38.5559],[23.1819,38.5369],[23.2105,38.532],[23.2141,38.5071],[23.2502,38.5007],[23.2742,38.5047],[23.3352,38.5259],[23.3764,38.5258],[23.3545,38.5375],[23.3378,38.5336],[23.318,38.5576],[23.2965,38.5678],[23.3065,38.5887],[23.3405,38.605],[23.3211,38.6382],[23.2818,38.6493],[23.2545,38.6436],[23.2317,38.6542],[23.2005,38.6781],[23.1694,38.676],[23.1898,38.6493],[23.1356,38.6434],[23.0858,38.6533],[23.0657,38.679],[23.0645,38.7228],[23.0346,38.7564],[23.0174,38.7485],[22.9674,38.7453],[22.9357,38.7551],[22.9204,38.7699],[22.8921,38.7743],[22.8662,38.7544],[22.8247,38.7879],[22.777,38.7772],[22.7597,38.7847],[22.7262,38.8222],[22.699,38.8427],[22.6589,38.8329],[22.6308,38.8376],[22.6116,38.8225],[22.5768,38.8242],[22.5661,38.8597],[22.5502,38.8839],[22.5758,38.8894],[22.6039,38.909],[22.6469,38.904],[22.6614,38.8878],[22.6948,38.8774],[22.7554,38.8697],[22.8382,38.8926],[22.838,38.9109],[22.8566,38.9269],[22.9129,38.9208],[22.9324,38.9385],[22.9729,38.9525],[22.9905,38.9442],[22.9968,38.9692],[23.0105,38.9761],[23.0179,39.0029],[22.9986,38.9995],[22.9726,38.9785],[22.9319,38.9696],[22.8834,38.9809],[22.8673,39.0049],[22.8544,38.9992],[22.8132,39.0023],[22.7663,38.9988],[22.7464,39.0179],[22.7088,39.0181],[22.6867,39.0336],[22.6862,39.0488],[22.6634,39.0548],[22.6257,39.051],[22.6028,39.0392],[22.567,39.0364],[22.5094,39.0487],[22.5031,39.0581],[22.4984,39.1063],[22.5057,39.1312],[22.4796,39.1437],[22.4461,39.1404],[22.4521,39.167],[22.4383,39.1895],[22.4093,39.1978],[22.4072,39.2169],[22.378,39.2266],[22.2876,39.237],[22.2785,39.2609],[22.2539,39.27],[22.2459,39.246],[22.2306,39.2386],[22.2098,39.2074],[22.1917,39.1931],[22.1831,39.1734],[22.1489,39.1532],[22.1674,39.1255],[22.135,39.1135],[22.1163,39.0981],[22.0423,39.0753],[22.0511,39.0504],[22.0193,39.0447],[22.0069,39.0298],[21.9482,39.0286],[21.9397,39.0653]]]},"properties":{"name":"Φθιώτιδα","id":46}},
{"type":"Feature","geometry":{"type":"MultiPolygon","coordinates":[[[[22.5057,39.1312],[22.4984,39.1063],[22.5031,39.0581],[22.5094,39.0487],[22.567,39.0364],[22.6028,39.0392],[22.6257,39.051],[22.6634,39.0548],[22.6862,39.0488],[22.6867,39.0336],[22.7088,39.0181],[22.7464,39.0179],[22.7663,38.9988],[22.8132,39.0023],[22.8544,38.9992],[22.8673,39.0049],[22.8834,38.9809],[22.9319,38.9696],[22.9726,38.9785],[22.9986,38.9995],[23.0179,39.0029],[23.0266,39.0155],[23.0608,39.0231],[23.0642,39.0382],[23.0267,39.0346],[22.9972,39.0183],[22.9613,39.0072],[22.9593,39.0293],[22.9911,39.0365],[22.9954,39.0682],[22.9764,39.0883],[22.9797,39.1009],[22.9588,39.1201],[22.9173,39.1201],[22.9129,39.1524],[22.8905,39.1892],[22.8648,39.154],[22.8452,39.1714],[22.8228,39.2072],[22.8147,39.2476],[22.8211,39.2766],[22.877,39.2915],[22.9443,39.3002],[22.9251,39.32],[22.9513,39.3575],[22.9756,39.3476],[22.9935,39.3504],[23.0131,39.335],[23.02,39.3164],[23.0577,39.3114],[23.0755,39.3153],[23.1083,39.3095],[23.1634,39.2729],[23.1815,39.249],[23.1781,39.2339],[23.1918,39.2061],[23.2177,39.1884],[23.222,39.1761],[23.2062,39.1441],[23.174,39.1491],[23.1774,39.1276],[23.1417,39.1214],[23.1077,39.1],[23.0983,39.1112],[23.1166,39.129],[23.1048,39.1542],[23.0693,39.1399],[23.0524,39.0946],[23.0725,39.0851],[23.1317,39.0941],[23.1589,39.0935],[23.1734,39.1024],[23.2023,39.1027],[23.2237,39.1291],[23.2479,39.1264],[23.2729,39.1409],[23.3006,39.1402],[23.3242,39.1519],[23.3515,39.1878],[23.3331,39.2105],[23.3174,39.2458],[23.2831,39.2753],[23.2741,39.3148],[23.207,39.3645],[23.1928,39.3947],[23.1671,39.412],[23.1151,39.4622],[23.0956,39.4993],[23.0484,39.5279],[23.0188,39.5291],[23.0053,39.5497],[22.9816,39.5522],[22.9426,39.573],[22.916,39.6029],[22.89,39.592],[22.8463,39.5644],[22.835,39.5478],[22.8033,39.5318],[22.7965,39.5123],[22.7608,39.5272],[22.7529,39.4889],[22.7205,39.4765],[22.7103,39.4548],[22.7219,39.4214],[22.6904,39.4129],[22.6601,39.4203],[22.6067,39.3988],[22.6283,39.3608],[22.6558,39.3543],[22.6509,39.3315],[22.6575,39.3099],[22.6267,39.2858],[22.6144,39.2644],[22.5677,39.27],[22.5346,39.2595],[22.5404,39.2349],[22.5608,39.1981],[22.5442,39.1833],[22.5555,39.1621],[22.5057,39.1312]]],[[[23.6802,39.1593],[23.642,39.1768],[23.6345,39.1916],[23.5895,39.2025],[23.628,39.1453],[23.6547,39.1222],[23.6605,39.0877],[23.6984,39.088],[23.7254,39.0706],[23.7666,39.089],[23.7932,39.1236],[23.7813,39.1301],[23.7243,39.1273],[23.7237,39.1448],[23.6802,39.1593]]],[[[23.514,39.1706],[23.5072,39.189],[23.4633,39.2074],[23.4422,39.1958],[23.4439,39.1816],[23.3927,39.1629],[23.4225,39.1379],[23.4438,39.1417],[23.4761,39.1608],[23.514,39.1706]]],[[[23.9719,39.2401],[23.965,39.2177],[23.9739,39.1913],[23.9441,39.1722],[23.9786,39.1646],[23.99,39.2087],[23.9719,39.2401]]],[[[23.8859,39.16],[23.9205,39.1775],[23.9326,39.2076],[23.9792,39.2588],[23.9456,39.2871],[23.9156,39.2498],[23.9123,39.2321],[23.8865,39.219],[23.8731,39.1927],[23.8794,39.1768],[23.8287,39.1518],[23.8587,39.1349],[23.8859,39.16]]],[[[24.0669,39.3426],[24.0457,39.3425],[24.0482,39.3044],[24.0677,39.2934],[24.0948,39.3106],[24.0987,39.3493],[24.0794,39.3551],[24.0669,39.3426]]],[[[24.332,39.3689],[24.3217,39.3665],[24.3121,39.3376],[24.3259,39.3349],[24.332,39.3689]]],[[[24.1615,39.3654],[24.185,39.3978],[24.1591,39.4029],[24.1615,39.3654]]]]},"properties":{"name":"Μαγνησία","id":35}},
{"type":"Feature","geometry":{"type":"MultiPolygon","coordinates":[[[[25.5505,34.9909],[25.5956,35.0069],[25.6626,35.0042],[25.6885,35.0142],[25.7344,35.0044],[25.7495,35.0094],[25.7745,35.0001],[25.8118,35.0012],[25.8443,35.015],[25.9326,35.0346],[25.9605,35.0315],[25.9772,35.0391],[26.0258,35.0165],[26.0643,35.0216],[26.0868,35.0182],[26.0959,34.9963],[26.1395,35.0017],[26.1602,35.0135],[26.1869,35.0133],[26.2311,35.0374],[26.2581,35.0764],[26.272,35.0877],[26.2833,35.1298],[26.281,35.1673],[26.3182,35.1814],[26.2802,35.1944],[26.2644,35.2616],[26.2862,35.2758],[26.3144,35.3065],[26.2828,35.3089],[26.2767,35.2918],[26.2425,35.2814],[26.2227,35.2639],[26.2248,35.2506],[26.1869,35.2229],[26.169,35.2017],[26.1396,35.196],[26.1069,35.2085],[26.1171,35.2251],[26.0695,35.2202],[26.029,35.2301],[25.9966,35.1987],[25.9598,35.1985],[25.946,35.1809],[25.9143,35.18],[25.8964,35.1877],[25.8776,35.1589],[25.8566,35.1598],[25.8131,35.1096],[25.7564,35.1276],[25.7338,35.1277],[25.7097,35.1757],[25.7199,35.2026],[25.7141,35.2202],[25.7394,35.2322],[25.7214,35.2681],[25.7269,35.3033],[25.762,35.3199],[25.7544,35.3382],[25.6989,35.3365],[25.6642,35.3481],[25.593,35.3322],[25.5724,35.321],[25.5437,35.3211],[25.5289,35.3102],[25.4903,35.2979],[25.5052,35.2715],[25.4851,35.2278],[25.4676,35.2103],[25.4408,35.2019],[25.4133,35.2052],[25.4152,35.1813],[25.4002,35.1704],[25.4229,35.1286],[25.4206,35.1154],[25.4451,35.1115],[25.4738,35.0871],[25.5025,35.0794],[25.5155,35.0667],[25.4987,35.0404],[25.5269,35.0367],[25.547,35.0193],[25.5505,34.9909]]],[[[25.7461,35.2564],[25.7583,35.2865],[25.7358,35.2812],[25.7461,35.2564]]]]},"properties":{"name":"Λασίθι","id":32}},
{"type":"Feature","geometry":{"type":"MultiPolygon","coordinates":[[[[25.4903,35.2979],[25.4509,35.2923],[25.4256,35.2954],[25.3997,35.3131],[25.3851,35.3382],[25.3711,35.3397],[25.2663,35.3326],[25.1923,35.3341],[25.1847,35.3456],[25.0758,35.3387],[25.0471,35.3443],[25.037,35.3789],[25.0408,35.4001],[25.0191,35.4043],[25.0171,35.4209],[24.9918,35.4142],[24.9683,35.425],[24.9598,35.4047],[24.9272,35.4084],[24.9319,35.3882],[24.9225,35.3714],[24.8981,35.3817],[24.8847,35.3744],[24.8892,35.351],[24.9043,35.331],[24.882,35.3112],[24.9246,35.2961],[24.9118,35.2685],[24.9239,35.2488],[24.9039,35.2246],[24.9038,35.1973],[24.8847,35.1772],[24.8595,35.185],[24.8336,35.1798],[24.8127,35.2167],[24.796,35.2237],[24.8014,35.1838],[24.7917,35.1695],[24.792,35.1279],[24.7377,35.1162],[24.7213,35.0926],[24.7421,35.0788],[24.7521,35.0573],[24.7605,35.0107],[24.7466,35.0039],[24.7531,34.9547],[24.732,34.9319],[24.7548,34.923],[24.7982,34.9262],[24.8098,34.9363],[24.8399,34.9411],[24.8932,34.9304],[24.9813,34.9342],[25.0164,34.9315],[25.0451,34.9423],[25.0974,34.9336],[25.1371,34.9531],[25.1665,34.9543],[25.1947,34.9456],[25.2481,34.9591],[25.2725,34.9696],[25.2865,34.9856],[25.3291,34.9818],[25.3719,34.9979],[25.417,34.986],[25.4527,34.991],[25.5058,34.9824],[25.5239,34.9911],[25.5505,34.9909],[25.547,35.0193],[25.5269,35.0367],[25.4987,35.0404],[25.5155,35.0667],[25.5025,35.0794],[25.4738,35.0871],[25.4451,35.1115],[25.4206,35.1154],[25.4229,35.1286],[25.4002,35.1704],[25.4152,35.1813],[25.4133,35.2052],[25.4408,35.2019],[25.4676,35.2103],[25.4851,35.2278],[25.5052,35.2715],[25.4903,35.2979]]],[[[25.2168,35.467],[25.1838,35.4417],[25.2381,35.4331],[25.2401,35.452],[25.2168,35.467]]]]},"properties":{"name":"Ηράκλειο","id":17}},
{"type":"Feature","geometry":{"type":"Polygon","coordinates":[[[24.9272,35.4084],[24.9154,35.4068],[24.8856,35.4227],[24.8729,35.4099],[24.8268,35.4114],[24.7877,35.4067],[24.7684,35.4175],[24.7336,35.4255],[24.6882,35.419],[24.6519,35.4202],[24.6148,35.3943],[24.5829,35.3825],[24.5351,35.3729],[24.457,35.3646],[24.4426,35.3701],[24.3709,35.3608],[24.3614,35.3526],[24.3175,35.3531],[24.3296,35.3163],[24.3315,35.2909],[24.2916,35.2709],[24.2702,35.2492],[24.302,35.2342],[24.2872,35.1759],[24.3259,35.1898],[24.3514,35.1831],[24.3818,35.1948],[24.3962,35.1897],[24.4213,35.1642],[24.4642,35.1491],[24.483,35.1525],[24.5206,35.1436],[24.5564,35.1101],[24.5887,35.0973],[24.6944,35.0975],[24.7213,35.0926],[24.7377,35.1162],[24.792,35.1279],[24.7917,35.1695],[24.8014,35.1838],[24.796,35.2237],[24.8127,35.2167],[24.8336,35.1798],[24.8595,35.185],[24.8847,35.1772],[24.9038,35.1973],[24.9039,35.2246],[24.9239,35.2488],[24.9118,35.2685],[24.9246,35.2961],[24.882,35.3112],[24.9043,35.331],[24.8892,35.351],[24.8847,35.3744],[24.8981,35.3817],[24.9225,35.3714],[24.9319,35.3882],[24.9272,35.4084]]]},"properties":{"name":"Ρέθυμνο","id":41}},
{"type":"Feature","geometry":{"type":"MultiPolygon","coordinates":[[[[24.3175,35.3531],[24.2655,35.3611],[24.2574,35.3804],[24.2634,35.4029],[24.2544,35.4312],[24.2582,35.4554],[24.2413,35.4734],[24.2004,35.4517],[24.1749,35.4526],[24.1508,35.4723],[24.1227,35.4705],[24.0824,35.4877],[24.0736,35.5054],[24.1032,35.5069],[24.1664,35.4948],[24.1838,35.5092],[24.2016,35.5382],[24.1758,35.5862],[24.1214,35.6018],[24.0818,35.5912],[24.075,35.5718],[24.0861,35.5533],[24.0522,35.5518],[24.0483,35.5279],[23.993,35.5117],[23.9311,35.5206],[23.9065,35.5198],[23.841,35.5281],[23.7783,35.5475],[23.7774,35.5978],[23.7623,35.6483],[23.7736,35.6685],[23.7377,35.6945],[23.7122,35.663],[23.7053,35.6406],[23.7163,35.6187],[23.7082,35.6085],[23.7291,35.5463],[23.7177,35.5081],[23.6843,35.5007],[23.6439,35.5022],[23.6123,35.5205],[23.6121,35.5655],[23.603,35.5907],[23.5852,35.5896],[23.5828,35.5615],[23.568,35.5276],[23.5781,35.4859],[23.5553,35.4691],[23.5699,35.4452],[23.5678,35.4247],[23.5461,35.412],[23.5491,35.3949],[23.534,35.3811],[23.5296,35.3622],[23.544,35.3186],[23.5176,35.301],[23.5478,35.2683],[23.579,35.2613],[23.576,35.2402],[23.6267,35.2324],[23.6621,35.2385],[23.752,35.2401],[23.7842,35.2317],[23.8049,35.2465],[23.8393,35.246],[23.8674,35.236],[23.8864,35.2369],[23.9226,35.2215],[23.9794,35.2315],[24.0016,35.2211],[24.0267,35.1969],[24.0489,35.194],[24.0864,35.2034],[24.134,35.2026],[24.153,35.1926],[24.1866,35.2007],[24.2038,35.1981],[24.2305,35.1813],[24.2872,35.1759],[24.302,35.2342],[24.2702,35.2492],[24.2916,35.2709],[24.3315,35.2909],[24.3296,35.3163],[24.3175,35.3531]]],[[[24.1219,34.8592],[24.1021,34.8677],[24.0649,34.8727],[24.0499,34.8395],[24.1191,34.8037],[24.111,34.8318],[24.1219,34.8592]]]]},"properties":{"name":"Χανιά","id":50}},
{"type":"Feature","geometry":{"type":"Polygon","coordinates":[[[22.5815,38.5596],[22.5609,38.5596],[22.4959,38.5808],[22.4875,38.5622],[22.5154,38.5371],[22.5263,38.4963],[22.5506,38.479],[22.5382,38.4559],[22.5713,38.4309],[22.6033,38.4352],[22.6116,38.4123],[22.6069,38.3568],[22.636,38.3495],[22.6572,38.3862],[22.6767,38.3754],[22.6883,38.3555],[22.677,38.3403],[22.6973,38.3142],[22.7875,38.2802],[22.7843,38.265],[22.7643,38.2489],[22.7792,38.2332],[22.8418,38.2249],[22.8604,38.2326],[22.8939,38.2197],[22.9033,38.1984],[22.9457,38.1827],[22.9617,38.1872],[22.9602,38.2109],[23.0242,38.2137],[23.0507,38.1965],[23.0308,38.1819],[23.0721,38.1707],[23.1067,38.2051],[23.1431,38.1827],[23.1265,38.1683],[23.2116,38.1822],[23.2845,38.1837],[23.2926,38.1908],[23.2888,38.2345],[23.302,38.2518],[23.3264,38.2643],[23.3648,38.2601],[23.3947,38.2664],[23.3913,38.2361],[23.3699,38.2271],[23.3757,38.2129],[23.4048,38.2068],[23.4431,38.2095],[23.4576,38.2017],[23.4622,38.1633],[23.5096,38.1523],[23.5159,38.1354],[23.5576,38.1385],[23.5795,38.1566],[23.6284,38.1716],[23.6342,38.2113],[23.6388,38.2391],[23.6349,38.2721],[23.648,38.2952],[23.6652,38.3013],[23.6657,38.3218],[23.6829,38.3232],[23.6904,38.3402],[23.655,38.3524],[23.6191,38.352],[23.5881,38.3675],[23.5417,38.3672],[23.5081,38.3754],[23.4829,38.3966],[23.4427,38.414],[23.433,38.43],[23.4579,38.4456],[23.4019,38.4727],[23.3189,38.442],[23.3217,38.4274],[23.2885,38.4117],[23.2695,38.431],[23.2785,38.4543],[23.2955,38.4658],[23.2991,38.4862],[23.335,38.4978],[23.34,38.5192],[23.3764,38.5258],[23.3352,38.5259],[23.2742,38.5047],[23.2502,38.5007],[23.2141,38.5071],[23.2105,38.532],[23.1819,38.5369],[23.151,38.5559],[23.1328,38.5529],[23.1244,38.5855],[23.1093,38.5795],[23.065,38.5792],[23.0561,38.5445],[23.0375,38.5368],[23.0085,38.5408],[22.9535,38.5648],[22.9265,38.5557],[22.9078,38.5588],[22.8769,38.5504],[22.86,38.5897],[22.8287,38.5844],[22.8042,38.5949],[22.7916,38.5814],[22.7691,38.5873],[22.7183,38.5469],[22.6367,38.5118],[22.5815,38.5596]]]},"properties":{"name":"Βοιωτία","id":7}},
{"type":"Feature","geometry":{"type":"Polygon","coordinates":[[[21.9994,38.7689],[22.0231,38.7406],[22.0246,38.7235],[21.9903,38.7094],[21.9951,38.6958],[21.9824,38.6691],[21.9866,38.6458],[22.002,38.6357],[21.976,38.6188],[21.9682,38.602],[22.015,38.5863],[21.9942,38.5553],[21.9903,38.5322],[21.9984,38.5181],[21.9686,38.4973],[21.9371,38.4918],[21.9229,38.4806],[21.8822,38.4643],[21.8858,38.4429],[21.8804,38.4126],[21.8538,38.3752],[21.8962,38.3714],[21.9321,38.4032],[21.9942,38.3981],[22.0044,38.3891],[22.0513,38.3949],[22.0834,38.3748],[22.1275,38.3656],[22.1423,38.3447],[22.1914,38.3347],[22.2268,38.3573],[22.2556,38.361],[22.2772,38.3414],[22.3001,38.3554],[22.3237,38.3442],[22.35,38.3498],[22.3784,38.3325],[22.3974,38.3797],[22.3735,38.3908],[22.3931,38.4094],[22.4104,38.4093],[22.4011,38.436],[22.4553,38.4276],[22.4793,38.3987],[22.5047,38.3815],[22.513,38.3614],[22.5375,38.3449],[22.5231,38.3351],[22.5557,38.2825],[22.5734,38.2818],[22.6033,38.3156],[22.586,38.327],[22.6069,38.3568],[22.6116,38.4123],[22.6033,38.4352],[22.5713,38.4309],[22.5382,38.4559],[22.5506,38.479],[22.5263,38.4963],[22.5154,38.5371],[22.4875,38.5622],[22.4959,38.5808],[22.5609,38.5596],[22.5815,38.5596],[22.5709,38.5714],[22.5683,38.6258],[22.5536,38.653],[22.5031,38.6543],[22.4813,38.685],[22.4538,38.7004],[22.4285,38.7235],[22.4056,38.7349],[22.3742,38.7347],[22.3428,38.7223],[22.3065,38.7176],[22.2959,38.745],[22.3162,38.7886],[22.2968,38.8076],[22.2682,38.7994],[22.2404,38.7735],[22.1833,38.7555],[22.1744,38.7252],[22.1537,38.7247],[22.1344,38.7127],[22.1214,38.7352],[22.0734,38.7407],[22.0589,38.7564],[22.0243,38.7683],[21.9994,38.7689]]]},"properties":{"name":"Φωκίδα","id":48}},
{"type":"Feature","geometry":{"type":"MultiPolygon","coordinates":[[[[23.655,38.3524],[23.6309,38.3772],[23.6297,38.409],[23.6014,38.4284],[23.5979,38.4418],[23.5688,38.45],[23.5886,38.4757],[23.5509,38.5075],[23.5358,38.5026],[23.5133,38.4799],[23.4776,38.4861],[23.4634,38.4999],[23.4116,38.4984],[23.4039,38.5099],[23.3683,38.5107],[23.335,38.4978],[23.2991,38.4862],[23.2955,38.4658],[23.2785,38.4543],[23.2695,38.431],[23.2885,38.4117],[23.3217,38.4274],[23.3189,38.442],[23.4019,38.4727],[23.4579,38.4456],[23.433,38.43],[23.4427,38.414],[23.4829,38.3966],[23.5081,38.3754],[23.5417,38.3672],[23.5881,38.3675],[23.6191,38.352],[23.655,38.3524]]],[[[24.279,37.9824],[24.2739,38.0142],[24.2444,38.0157],[24.2283,37.985],[24.2466,37.9754],[24.279,37.9824]]],[[[24.5764,38.8841],[24.5707,38.9091],[24.5809,38.9251],[24.488,38.9769],[24.4591,38.9632],[24.4489,38.9491],[24.4686,38.9161],[24.4533,38.8957],[24.4309,38.8815],[24.4864,38.8543],[24.5421,38.8347],[24.5667,38.8388],[24.5686,38.8107],[24.5304,38.7956],[24.556,38.7682],[24.5696,38.7832],[24.5926,38.7901],[24.609,38.7699],[24.6503,38.7672],[24.6822,38.7758],[24.6814,38.8066],[24.6658,38.8239],[24.5958,38.8682],[24.5764,38.8841]]],[[[23.2962,39.0388],[23.2494,39.0233],[23.2312,39.0224],[23.2042,39.0042],[23.1292,39.0076],[23.0947,38.9818],[23.0818,38.9411],[23.0496,38.9437],[23.0343,38.9259],[22.9723,38.9028],[22.9422,38.8975],[22.9006,38.8787],[22.8519,38.8674],[22.8338,38.8482],[22.8307,38.826],[22.9014,38.8398],[22.96,38.8361],[22.9897,38.8507],[22.9901,38.8812],[23.0328,38.882],[23.0413,38.8588],[23.0823,38.8386],[23.1419,38.8514],[23.1966,38.8347],[23.2827,38.7671],[23.3008,38.7706],[23.3248,38.7589],[23.3506,38.7252],[23.3859,38.6982],[23.4102,38.693],[23.4399,38.6729],[23.4488,38.6494],[23.4642,38.6481],[23.4927,38.6304],[23.5084,38.59],[23.5284,38.5776],[23.5577,38.5828],[23.5707,38.5727],[23.5948,38.5737],[23.6265,38.5424],[23.6356,38.5112],[23.6273,38.4815],[23.5894,38.462],[23.6205,38.4479],[23.6469,38.3997],[23.673,38.4103],[23.7234,38.4095],[23.767,38.3931],[23.7986,38.3897],[23.8206,38.4043],[23.859,38.399],[23.8911,38.3855],[23.9604,38.387],[23.991,38.4018],[24.0167,38.3898],[24.0526,38.3921],[24.0497,38.3701],[24.0594,38.3412],[24.0418,38.3235],[24.0868,38.3234],[24.1078,38.3156],[24.1093,38.2884],[24.0951,38.2802],[24.1132,38.2533],[24.1386,38.2817],[24.1537,38.2794],[24.1382,38.2393],[24.1858,38.2152],[24.192,38.1892],[24.2073,38.1798],[24.2095,38.1604],[24.1805,38.1343],[24.2072,38.127],[24.2058,38.0954],[24.2254,38.0881],[24.2464,38.0962],[24.2828,38.0848],[24.313,38.0622],[24.3192,38.0399],[24.3114,38.0177],[24.332,38.0128],[24.3368,37.9923],[24.3865,37.96],[24.393,38.0062],[24.4278,38.013],[24.4505,38.0049],[24.4713,37.9816],[24.4767,37.9552],[24.5107,37.9491],[24.5412,37.9753],[24.5569,37.9785],[24.5681,38.0114],[24.5812,38.0231],[24.588,38.0668],[24.574,38.107],[24.5899,38.1361],[24.5817,38.1572],[24.5546,38.1411],[24.4908,38.1479],[24.457,38.1414],[24.4271,38.1456],[24.392,38.1658],[24.35,38.1553],[24.3125,38.1825],[24.2724,38.1981],[24.2467,38.238],[24.2561,38.2513],[24.2564,38.2821],[24.2379,38.3134],[24.2055,38.3408],[24.2158,38.35],[24.2124,38.3797],[24.1818,38.3947],[24.1978,38.4236],[24.1828,38.4324],[24.1905,38.4554],[24.1867,38.4841],[24.2214,38.5139],[24.2175,38.5303],[24.1552,38.5691],[24.1227,38.5966],[24.1219,38.6287],[24.1395,38.6455],[24.1246,38.6666],[24.1025,38.6687],[24.047,38.6871],[24.034,38.6794],[23.98,38.6767],[23.9505,38.6607],[23.8924,38.6777],[23.8595,38.6709],[23.8105,38.6942],[23.7722,38.6988],[23.7548,38.7066],[23.7516,38.7225],[23.7048,38.7687],[23.6821,38.7526],[23.6299,38.7547],[23.6075,38.7685],[23.5933,38.7645],[23.5534,38.7987],[23.5215,38.8078],[23.5124,38.8222],[23.4755,38.8338],[23.4404,38.87],[23.4262,38.9058],[23.4297,38.9536],[23.3862,38.9608],[23.3719,38.983],[23.3768,39.0073],[23.3398,39.0152],[23.3192,39.0371],[23.2962,39.0388]]]]},"properties":{"name":"Εύβοια","id":12}},
{"type":"Feature","geometry":{"type":"MultiPolygon","coordinates":[[[[20.8026,39.1167],[20.8414,39.0927],[20.8422,39.0696],[20.8819,39.0612],[20.8882,39.0744],[20.9298,39.0592],[20.9423,39.0304],[20.964,39.0372],[20.9828,39.0182],[21.0409,39.0022],[21.0459,39.0198],[21.0802,39.0531],[21.1083,39.0462],[21.0872,39.0807],[21.0943,39.1002],[21.1186,39.1212],[21.1603,39.1283],[21.1945,39.129],[21.2099,39.1223],[21.2373,39.1312],[21.2704,39.1172],[21.3246,39.1459],[21.3234,39.1606],[21.3729,39.1745],[21.3536,39.1907],[21.3536,39.219],[21.3805,39.2444],[21.3944,39.2469],[21.4278,39.2812],[21.4144,39.299],[21.4161,39.3167],[21.3812,39.3563],[21.3241,39.3564],[21.2944,39.3643],[21.2726,39.3785],[21.2768,39.3958],[21.2672,39.4172],[21.2231,39.4416],[21.1944,39.4746],[21.2155,39.4812],[21.2154,39.4989],[21.1818,39.502],[21.1683,39.523],[21.1531,39.5296],[21.1196,39.499],[21.0894,39.4972],[21.0759,39.5208],[21.0467,39.4905],[21.0326,39.451],[21.0227,39.4394],[21.0242,39.4144],[20.9924,39.3933],[20.9709,39.3593],[20.9895,39.343],[20.9629,39.3187],[20.9556,39.2932],[20.9279,39.2836],[20.9242,39.2707],[20.9002,39.2591],[20.8693,39.2602],[20.8587,39.2479],[20.8772,39.217],[20.9015,39.1908],[20.8342,39.1303],[20.8175,39.1419],[20.8026,39.1167]]],[[[20.7791,39.0451],[20.7882,39.0747],[20.7722,39.0833],[20.7994,39.0993],[20.792,39.1099],[20.7633,39.1013],[20.7626,39.0898],[20.7791,39.0451]]]]},"properties":{"name":"Άρτα","id":4}},
{"type":"Feature","geometry":{"type":"Polygon","coordinates":[[[20.9924,39.3933],[21.0242,39.4144],[21.0227,39.4394],[21.0326,39.451],[21.0467,39.4905],[21.0759,39.5208],[21.0894,39.4972],[21.1196,39.499],[21.1531,39.5296],[21.1683,39.523],[21.1818,39.502],[21.2032,39.522],[21.1963,39.5694],[21.1817,39.616],[21.1526,39.6184],[21.1555,39.6456],[21.1226,39.6696],[21.1229,39.6839],[21.1593,39.7012],[21.1681,39.7176],[21.198,39.7175],[21.2294,39.7004],[21.25,39.6968],[21.247,39.7244],[21.2261,39.7336],[21.2335,39.7563],[21.2263,39.8042],[21.2494,39.8058],[21.265,39.8381],[21.2631,39.852],[21.2965,39.8578],[21.2702,39.8785],[21.2319,39.8893],[21.1793,39.8775],[21.1633,39.8584],[21.1315,39.8643],[21.0998,39.8787],[21.0769,39.9494],[21.0466,39.9699],[21.0252,39.9933],[21.0589,39.9922],[21.0782,40.0129],[21.085,40.0511],[21.0513,40.0667],[21.0107,40.0557],[20.9886,40.0858],[20.9889,40.1012],[20.9577,40.1318],[21.0042,40.1544],[20.992,40.2069],[20.9681,40.2249],[20.956,40.2536],[20.9196,40.2977],[20.8758,40.3337],[20.8692,40.3766],[20.8584,40.3754],[20.8437,40.3432],[20.8222,40.337],[20.7796,40.3481],[20.7646,40.3425],[20.7642,40.3212],[20.7366,40.3101],[20.7135,40.2826],[20.708,40.266],[20.7221,40.2539],[20.7259,40.2227],[20.707,40.1993],[20.6799,40.1863],[20.6754,40.1663],[20.6942,40.1522],[20.676,40.1253],[20.6781,40.0954],[20.6339,40.0903],[20.6033,40.073],[20.5491,40.0639],[20.5117,40.0828],[20.4967,40.0665],[20.4632,40.0743],[20.4244,40.0618],[20.4151,40.0372],[20.3981,40.0159],[20.3942,39.9961],[20.3741,39.9888],[20.3122,39.991],[20.3453,39.9468],[20.3376,39.924],[20.3642,39.91],[20.3847,39.8886],[20.3897,39.8689],[20.4092,39.8465],[20.4143,39.8144],[20.3911,39.7885],[20.4252,39.783],[20.44,39.7645],[20.4616,39.767],[20.4915,39.7582],[20.4803,39.7235],[20.4994,39.7062],[20.5298,39.6662],[20.4975,39.6392],[20.5065,39.6272],[20.5092,39.5769],[20.5405,39.5419],[20.6235,39.5328],[20.615,39.4949],[20.6511,39.4214],[20.6633,39.389],[20.6691,39.3388],[20.6822,39.3271],[20.6804,39.2879],[20.7,39.307],[20.7055,39.3349],[20.7284,39.3545],[20.7408,39.3807],[20.7672,39.3708],[20.7891,39.3736],[20.8153,39.3472],[20.8414,39.3525],[20.8641,39.3692],[20.8812,39.3659],[20.9082,39.3765],[20.9106,39.3937],[20.9431,39.3853],[20.9758,39.4067],[20.9924,39.3933]]]},"properties":{"name":"Ιωάννινα","id":20}},
{"type":"Feature","geometry":{"type":"Polygon","coordinates":[[[20.4637,39.2735],[20.4777,39.2748],[20.5063,39.2853],[20.5236,39.3043],[20.5655,39.3137],[20.5944,39.3079],[20.6107,39.3275],[20.6409,39.3334],[20.6804,39.2879],[20.6822,39.3271],[20.6691,39.3388],[20.6633,39.389],[20.6511,39.4214],[20.615,39.4949],[20.6235,39.5328],[20.5405,39.5419],[20.5092,39.5769],[20.5065,39.6272],[20.4975,39.6392],[20.5298,39.6662],[20.4994,39.7062],[20.4803,39.7235],[20.4915,39.7582],[20.4616,39.767],[20.44,39.7645],[20.4252,39.783],[20.3911,39.7885],[20.3739,39.7855],[20.3477,39.804],[20.3086,39.8142],[20.2897,39.8049],[20.3074,39.7812],[20.2925,39.7665],[20.3221,39.7348],[20.3014,39.715],[20.2841,39.7117],[20.2661,39.6947],[20.2647,39.6715],[20.2318,39.6849],[20.2188,39.6644],[20.2287,39.6501],[20.1938,39.6447],[20.1499,39.6554],[20.1819,39.6257],[20.1853,39.6076],[20.1696,39.5924],[20.164,39.5598],[20.168,39.5365],[20.1854,39.5192],[20.2166,39.5149],[20.2345,39.5199],[20.2626,39.5101],[20.2572,39.4833],[20.2303,39.4939],[20.2155,39.4877],[20.2746,39.4456],[20.236,39.4456],[20.2235,39.4333],[20.2335,39.4033],[20.2604,39.3963],[20.2789,39.3808],[20.276,39.3647],[20.3009,39.3154],[20.3403,39.35],[20.3747,39.3555],[20.3996,39.3237],[20.4191,39.311],[20.4389,39.3132],[20.4637,39.2735]]]},"properties":{"name":"Θεσπρωτία","id":18}},
{"type":"Feature","geometry":{"type":"Polygon","coordinates":[[[22.1773,39.5506],[22.1895,39.5778],[22.2143,39.5848],[22.223,39.5978],[22.2132,39.6262],[22.1961,39.63],[22.1616,39.6085],[22.1454,39.6191],[22.1373,39.6568],[22.1155,39.6632],[22.0806,39.6509],[22.0663,39.6679],[22.0505,39.703],[22.0301,39.732],[22.0169,39.731],[21.9771,39.6981],[21.9555,39.7182],[21.9403,39.7479],[21.9457,39.7564],[21.9259,39.7769],[21.9287,39.7915],[21.9674,39.8302],[22.0201,39.8264],[21.99,39.8469],[21.9182,39.8526],[21.8884,39.8512],[21.8326,39.8619],[21.7929,39.8461],[21.7192,39.8733],[21.7057,39.8594],[21.6732,39.8565],[21.649,39.8737],[21.621,39.8687],[21.5811,39.8948],[21.5585,39.8865],[21.5237,39.9],[21.4859,39.8893],[21.4749,39.9],[21.4325,39.8958],[21.4241,39.8708],[21.4026,39.8423],[21.3374,39.8309],[21.3231,39.8471],[21.3214,39.8677],[21.2965,39.8578],[21.2631,39.852],[21.265,39.8381],[21.2494,39.8058],[21.2263,39.8042],[21.2335,39.7563],[21.2261,39.7336],[21.247,39.7244],[21.25,39.6968],[21.2294,39.7004],[21.198,39.7175],[21.1681,39.7176],[21.1593,39.7012],[21.1229,39.6839],[21.1226,39.6696],[21.1555,39.6456],[21.1526,39.6184],[21.1817,39.616],[21.1963,39.5694],[21.2032,39.522],[21.1818,39.502],[21.2154,39.4989],[21.2155,39.4812],[21.1944,39.4746],[21.2231,39.4416],[21.2672,39.4172],[21.2768,39.3958],[21.2726,39.3785],[21.2944,39.3643],[21.3241,39.3564],[21.3812,39.3563],[21.3769,39.3747],[21.4004,39.4],[21.4349,39.4155],[21.4783,39.4004],[21.4904,39.3855],[21.5155,39.3761],[21.5594,39.407],[21.5979,39.4557],[21.6196,39.4333],[21.6634,39.4474],[21.7029,39.4465],[21.7318,39.4725],[21.7504,39.4815],[21.7724,39.4615],[21.8025,39.4648],[21.8415,39.5129],[21.8762,39.5075],[21.901,39.5148],[21.904,39.4942],[21.9348,39.5081],[21.9195,39.5303],[21.9669,39.5365],[21.9982,39.5564],[22.0139,39.5546],[22.0498,39.5325],[22.0991,39.5562],[22.1433,39.5443],[22.1773,39.5506]]]},"properties":{"name":"Τρίκαλα","id":45}},
{"type":"Feature","geometry":{"type":"Polygon","coordinates":[[[21.9063,40.6813],[21.9027,40.6508],[21.8849,40.6411],[21.8849,40.595],[21.9121,40.5781],[21.8924,40.5576],[21.8957,40.543],[21.9253,40.5192],[21.9285,40.488],[21.985,40.4781],[22.0286,40.446],[22.0711,40.4415],[22.1059,40.43],[22.0921,40.3912],[22.098,40.3751],[22.1252,40.3575],[22.1271,40.3259],[22.1636,40.3002],[22.1842,40.3019],[22.207,40.3065],[22.2303,40.3431],[22.25,40.3401],[22.311,40.3757],[22.3317,40.3992],[22.3758,40.4199],[22.4017,40.4527],[22.4316,40.4781],[22.421,40.4866],[22.437,40.5076],[22.4329,40.527],[22.4899,40.5278],[22.5169,40.5497],[22.5465,40.5407],[22.5913,40.542],[22.6292,40.4939],[22.6645,40.4916],[22.6522,40.5129],[22.6817,40.5291],[22.6671,40.5509],[22.6316,40.5734],[22.6207,40.6143],[22.5684,40.6517],[22.5506,40.6745],[22.4962,40.6803],[22.4915,40.711],[22.465,40.71],[22.4617,40.6978],[22.4329,40.6813],[22.401,40.686],[22.386,40.7118],[22.3588,40.6782],[22.3038,40.6429],[22.2695,40.6635],[22.2505,40.6899],[22.2055,40.7014],[22.1695,40.6972],[22.1442,40.7074],[22.1184,40.7072],[22.0789,40.7343],[22.0568,40.705],[22.0088,40.6991],[21.9824,40.6889],[21.9063,40.6813]]]},"properties":{"name":"Ημαθία","id":16}},
{"type":"Feature","geometry":{"type":"Polygon","coordinates":[[[22.6635,39.975],[22.6381,39.9841],[22.5933,40.0138],[22.5875,40.0368],[22.5701,40.0564],[22.5684,40.0981],[22.5482,40.141],[22.5627,40.1816],[22.5882,40.2075],[22.5859,40.2268],[22.5995,40.2709],[22.6267,40.3176],[22.6601,40.3555],[22.6576,40.3687],[22.6268,40.3783],[22.6112,40.4068],[22.6066,40.4416],[22.5861,40.4624],[22.6003,40.4756],[22.6534,40.4682],[22.6645,40.4916],[22.6292,40.4939],[22.5913,40.542],[22.5465,40.5407],[22.5169,40.5497],[22.4899,40.5278],[22.4329,40.527],[22.437,40.5076],[22.421,40.4866],[22.4316,40.4781],[22.4017,40.4527],[22.3758,40.4199],[22.3317,40.3992],[22.311,40.3757],[22.25,40.3401],[22.2303,40.3431],[22.207,40.3065],[22.1842,40.3019],[22.1953,40.292],[22.1683,40.234],[22.1162,40.212],[22.1152,40.19],[22.1474,40.1896],[22.1827,40.1966],[22.2105,40.19],[22.1997,40.1687],[22.2102,40.1491],[22.2073,40.1254],[22.2228,40.1059],[22.2435,40.1134],[22.2634,40.141],[22.2679,40.1586],[22.2867,40.1735],[22.3174,40.1818],[22.3521,40.1582],[22.3453,40.1437],[22.3713,40.1342],[22.3593,40.0869],[22.3464,40.0684],[22.3789,40.0391],[22.3997,40.0491],[22.41,40.0351],[22.4398,40.0302],[22.4959,40.0072],[22.4978,39.9691],[22.5338,39.9468],[22.5442,39.9522],[22.6012,39.9563],[22.6218,39.9717],[22.6788,39.955],[22.6635,39.975]]]},"properties":{"name":"Πιερία","id":39}},
{"type":"Feature","geometry":{"type":"Polygon","coordinates":[[[22.6817,40.5291],[22.7154,40.5018],[22.7344,40.5067],[22.7433,40.54],[22.7415,40.5585],[22.7744,40.5699],[22.7918,40.5639],[22.8381,40.5814],[22.8568,40.5944],[22.8607,40.6262],[22.8932,40.6438],[22.9323,40.6354],[22.9517,40.6217],[22.9385,40.579],[22.9799,40.553],[22.9772,40.5385],[22.9333,40.5123],[22.8673,40.5009],[22.8274,40.5072],[22.8143,40.4786],[22.8548,40.4663],[22.8651,40.4329],[22.8826,40.4256],[22.9028,40.3978],[22.8898,40.3751],[22.9444,40.3807],[22.979,40.3693],[23.005,40.3502],[23.0401,40.3644],[23.0287,40.3912],[23.0484,40.3989],[23.0518,40.416],[23.0706,40.4205],[23.0898,40.3935],[23.1226,40.3755],[23.1489,40.3999],[23.1621,40.4335],[23.1582,40.4776],[23.1975,40.4966],[23.2431,40.5036],[23.2797,40.4881],[23.3052,40.4871],[23.3162,40.4986],[23.3089,40.5356],[23.3463,40.5442],[23.3697,40.537],[23.405,40.5533],[23.405,40.5832],[23.4141,40.5874],[23.4774,40.5823],[23.5085,40.5682],[23.5447,40.5923],[23.5438,40.6056],[23.6045,40.5985],[23.6422,40.6053],[23.6475,40.6299],[23.6735,40.6422],[23.6828,40.6288],[23.7096,40.6366],[23.7424,40.6265],[23.7571,40.6345],[23.7426,40.656],[23.696,40.6672],[23.6947,40.6853],[23.7115,40.7212],[23.7434,40.7583],[23.7645,40.758],[23.7369,40.781],[23.6734,40.7813],[23.6665,40.7732],[23.6266,40.7878],[23.5838,40.7865],[23.5623,40.7918],[23.5373,40.8089],[23.5281,40.8323],[23.5106,40.8415],[23.4827,40.8424],[23.45,40.8279],[23.4358,40.863],[23.3918,40.8526],[23.3683,40.8574],[23.3569,40.9119],[23.3346,40.9203],[23.3227,40.9463],[23.2821,40.9463],[23.2611,40.9695],[23.2577,40.9939],[23.2404,41.006],[23.2216,40.9936],[23.1818,40.9833],[23.1577,40.9548],[23.1124,40.9475],[23.0965,40.9587],[23.0204,40.9385],[23.0169,40.9101],[23.0017,40.8707],[22.9804,40.87],[22.9419,40.8231],[22.921,40.8148],[22.8954,40.8231],[22.848,40.8104],[22.8163,40.8231],[22.7609,40.8164],[22.7341,40.7931],[22.6953,40.7977],[22.6835,40.8338],[22.6836,40.8602],[22.6375,40.8604],[22.6397,40.8404],[22.6441,40.8143],[22.6176,40.8166],[22.6003,40.8049],[22.5792,40.8102],[22.5209,40.8036],[22.5541,40.7512],[22.57,40.7396],[22.5626,40.7259],[22.5154,40.7301],[22.4915,40.711],[22.4962,40.6803],[22.5506,40.6745],[22.5684,40.6517],[22.6207,40.6143],[22.6316,40.5734],[22.6671,40.5509],[22.6817,40.5291]]]},"properties":{"name":"Θεσσαλονίκη","id":19}},
{"type":"Feature","geometry":{"type":"MultiPolygon","coordinates":[[[[23.005,40.3502],[23.0203,40.324],[23.1242,40.2897],[23.1447,40.2731],[23.1733,40.2711],[23.1907,40.2606],[23.25,40.249],[23.2933,40.2364],[23.3147,40.2196],[23.3216,40.1968],[23.3486,40.239],[23.3871,40.2734],[23.4289,40.2765],[23.474,40.26],[23.4956,40.259],[23.5248,40.2387],[23.5637,40.2335],[23.5843,40.2251],[23.6149,40.2288],[23.6523,40.2246],[23.7246,40.1671],[23.7464,40.1353],[23.7733,40.1167],[23.7738,40.0983],[23.7912,40.09],[23.787,40.0648],[23.8127,40.0429],[23.8113,40.0286],[23.837,40.0241],[23.8663,40.0081],[23.8722,39.9965],[23.9023,39.9847],[23.901,39.9609],[23.935,39.94],[23.9941,39.9539],[23.9863,39.983],[24.0009,40.0009],[24.0211,40.0088],[24.0079,40.0589],[23.9796,40.0834],[23.9929,40.1131],[23.9338,40.1399],[23.9111,40.1582],[23.824,40.1807],[23.8143,40.1909],[23.7746,40.1929],[23.7591,40.2274],[23.7378,40.23],[23.7102,40.2572],[23.6942,40.2854],[23.7064,40.3332],[23.7253,40.3323],[23.7349,40.3537],[23.7837,40.3377],[23.8092,40.3561],[23.8491,40.3697],[23.8902,40.3604],[23.9334,40.3603],[23.962,40.3478],[23.98,40.3257],[24.0013,40.3157],[24.0146,40.3292],[24.0011,40.3638],[24.0045,40.3833],[23.9769,40.3782],[23.9305,40.3813],[23.8892,40.3953],[23.8383,40.4404],[23.8203,40.4875],[23.8288,40.5164],[23.8925,40.5194],[23.907,40.537],[23.8928,40.5477],[23.8527,40.5603],[23.8337,40.5571],[23.8186,40.5801],[23.7841,40.5924],[23.7808,40.6104],[23.7571,40.6345],[23.7424,40.6265],[23.7096,40.6366],[23.6828,40.6288],[23.6735,40.6422],[23.6475,40.6299],[23.6422,40.6053],[23.6045,40.5985],[23.5438,40.6056],[23.5447,40.5923],[23.5085,40.5682],[23.4774,40.5823],[23.4141,40.5874],[23.405,40.5832],[23.405,40.5533],[23.3697,40.537],[23.3463,40.5442],[23.3089,40.5356],[23.3162,40.4986],[23.3052,40.4871],[23.2797,40.4881],[23.2431,40.5036],[23.1975,40.4966],[23.1582,40.4776],[23.1621,40.4335],[23.1489,40.3999],[23.1226,40.3755],[23.0898,40.3935],[23.0706,40.4205],[23.0518,40.416],[23.0484,40.3989],[23.0287,40.3912],[23.0401,40.3644],[23.005,40.3502]]],[[[23.3749,40.1406],[23.3627,40.1466],[23.3475,40.1827],[23.3262,40.1794],[23.3166,40.1421],[23.322,40.1278],[23.3068,40.1019],[23.3128,40.0789],[23.338,40.0688],[23.3629,40.0242],[23.3796,40.008],[23.3784,39.9623],[23.4186,39.9605],[23.4433,39.9705],[23.4932,39.9614],[23.5931,39.9211],[23.6513,39.9154],[23.6855,39.9172],[23.7143,39.9087],[23.7496,39.9172],[23.7437,39.9317],[23.7115,39.9283],[23.6927,39.9334],[23.6678,39.9809],[23.6373,39.9839],[23.5298,40.0176],[23.4934,40.034],[23.4719,40.0499],[23.4173,40.1263],[23.3969,40.1393],[23.3749,40.1406]]],[[[23.9251,40.3177],[23.9163,40.3424],[23.8909,40.3247],[23.9251,40.3177]]]]},"properties":{"name":"Χαλκιδική","id":49}},
{"type":"Feature","geometry":{"type":"MultiPolygon","coordinates":[[[[23.1176,38.0607],[23.0762,38.059],[23.0566,38.0522],[23.0367,38.0631],[23.0203,38.0561],[22.964,38.0794],[22.9162,38.0646],[22.8491,38.0278],[22.9099,38.0174],[22.9547,37.9864],[22.9759,37.9783],[22.9605,37.952],[23.0036,37.9207],[23.0497,37.9219],[23.0629,37.9123],[23.1394,37.9218],[23.1663,37.949],[23.1791,37.9513],[23.1719,37.9687],[23.1149,37.9845],[23.1176,38.0607]]],[[[23.1212,37.7299],[23.1175,37.7553],[23.146,37.7587],[23.1779,37.7765],[23.1784,37.8036],[23.1401,37.8336],[23.1129,37.8476],[23.0638,37.8392],[23.0336,37.8479],[23.0043,37.8492],[22.9918,37.881],[23.0161,37.8995],[23.0094,37.916],[22.958,37.9521],[22.8977,37.9319],[22.8568,37.9378],[22.7988,37.9655],[22.7745,37.9995],[22.7404,38.0196],[22.7245,38.0366],[22.6097,38.0839],[22.5712,38.1022],[22.5474,38.1047],[22.4907,38.1362],[22.4153,38.1305],[22.373,38.1422],[22.378,38.1005],[22.3701,38.0438],[22.3629,38.023],[22.324,37.9858],[22.2728,37.9551],[22.2429,37.9549],[22.2471,37.9176],[22.2254,37.8901],[22.2643,37.8394],[22.2907,37.8379],[22.3353,37.7977],[22.3918,37.8039],[22.4277,37.8043],[22.4658,37.8404],[22.5004,37.8567],[22.5197,37.8358],[22.5479,37.841],[22.5483,37.8264],[22.5323,37.8024],[22.5345,37.7809],[22.5748,37.7923],[22.6165,37.777],[22.6418,37.7789],[22.6779,37.7634],[22.6888,37.7734],[22.7429,37.7773],[22.7463,37.7551],[22.7849,37.7343],[22.8262,37.7332],[22.8704,37.7389],[22.8874,37.7503],[22.9164,37.7554],[22.9546,37.7383],[22.9546,37.7104],[22.9854,37.717],[23.0057,37.7072],[23.0277,37.7119],[23.0465,37.702],[23.0683,37.7295],[23.0886,37.7212],[23.1212,37.7299]]]]},"properties":{"name":"Κορινθία","id":28}},
{"type":"Feature","geometry":{"type":"Polygon","coordinates":[[[22.373,38.1422],[22.3526,38.1506],[22.3352,38.1766],[22.3184,38.1715],[22.2693,38.1709],[22.2134,38.1818],[22.1891,38.2042],[22.1755,38.2005],[22.1492,38.2182],[22.1266,38.2547],[22.1065,38.2651],[22.077,38.2545],[22.0675,38.2714],[22.0271,38.2851],[22.0175,38.3112],[21.9893,38.3113],[21.9473,38.3281],[21.9051,38.3237],[21.848,38.3365],[21.8262,38.3164],[21.779,38.3076],[21.7386,38.271],[21.718,38.2157],[21.6798,38.1828],[21.6737,38.1701],[21.6052,38.1429],[21.545,38.158],[21.5305,38.1554],[21.4772,38.1825],[21.4523,38.1994],[21.423,38.19],[21.3746,38.1977],[21.3636,38.1684],[21.3661,38.1217],[21.3513,38.1023],[21.3613,38.0767],[21.402,38.0571],[21.4274,38.0299],[21.4509,38.0231],[21.447,38.0051],[21.4593,37.9891],[21.4407,37.9786],[21.4611,37.9556],[21.4994,37.9364],[21.4936,37.9263],[21.5349,37.9148],[21.5763,37.9191],[21.6011,37.8995],[21.6397,37.8921],[21.6616,37.8494],[21.6764,37.8371],[21.692,37.8459],[21.694,37.8663],[21.7444,37.9021],[21.7599,37.9229],[21.797,37.9391],[21.8078,37.9562],[21.8308,37.9327],[21.8311,37.9138],[21.8591,37.905],[21.8903,37.8657],[21.8908,37.8446],[21.9027,37.8325],[21.9484,37.8221],[21.984,37.7997],[22.007,37.7982],[22.0522,37.7812],[22.102,37.8217],[22.1746,37.7933],[22.1978,37.8266],[22.2381,37.8396],[22.2643,37.8394],[22.2254,37.8901],[22.2471,37.9176],[22.2429,37.9549],[22.2728,37.9551],[22.324,37.9858],[22.3629,38.023],[22.3701,38.0438],[22.378,38.1005],[22.373,38.1422]]]},"properties":{"name":"Αχαΐα","id":6}},
{"type":"Feature","geometry":{"type":"Polygon","coordinates":[[[22.2643,37.8394],[22.2381,37.8396],[22.1978,37.8266],[22.1746,37.7933],[22.102,37.8217],[22.0522,37.7812],[22.007,37.7982],[21.984,37.7997],[21.9484,37.8221],[21.9027,37.8325],[21.8908,37.8446],[21.8903,37.8657],[21.8583,37.8537],[21.8182,37.8259],[21.7932,37.7893],[21.7961,37.7388],[21.81,37.7122],[21.8113,37.6829],[21.7921,37.6324],[21.7975,37.5848],[21.8298,37.6028],[21.8784,37.6041],[21.9199,37.5549],[21.9493,37.5433],[21.9994,37.4989],[21.9657,37.4833],[21.9489,37.4748],[21.9703,37.4565],[21.9937,37.4162],[21.9748,37.3828],[21.9559,37.3735],[21.9913,37.3416],[22.0195,37.3254],[22.0262,37.3128],[22.0183,37.2846],[22.0437,37.2618],[22.0653,37.2589],[22.0779,37.2292],[22.1052,37.2286],[22.1152,37.2078],[22.1373,37.193],[22.137,37.1794],[22.1736,37.1665],[22.1839,37.1377],[22.1989,37.1377],[22.2156,37.1598],[22.252,37.1693],[22.2514,37.185],[22.2365,37.2039],[22.2207,37.2682],[22.2534,37.2688],[22.29,37.2816],[22.2971,37.249],[22.3401,37.2336],[22.336,37.218],[22.368,37.2121],[22.3933,37.2272],[22.4223,37.2164],[22.4202,37.2422],[22.4289,37.2662],[22.4103,37.2897],[22.4017,37.3225],[22.4161,37.335],[22.4354,37.3225],[22.4512,37.3282],[22.4822,37.3131],[22.4945,37.32],[22.5275,37.3173],[22.5523,37.2852],[22.6047,37.2969],[22.6114,37.2784],[22.6086,37.2301],[22.6307,37.2054],[22.6348,37.1693],[22.6581,37.1368],[22.7067,37.0938],[22.6838,37.068],[22.707,37.0377],[22.7323,37.0403],[22.7408,37.055],[22.7612,37.0563],[22.793,37.0345],[22.8025,37.0159],[22.8574,36.9987],[22.8768,37.0222],[22.901,37.0292],[22.9184,37.0158],[22.9563,37.0238],[22.982,37.0479],[22.9683,37.0668],[22.9796,37.0843],[22.9624,37.0907],[22.9549,37.1193],[22.9127,37.1095],[22.8924,37.133],[22.9089,37.1932],[22.8769,37.2403],[22.8594,37.249],[22.8592,37.2718],[22.839,37.2786],[22.8348,37.2936],[22.7968,37.3609],[22.774,37.3874],[22.7532,37.3931],[22.7688,37.4247],[22.7517,37.4381],[22.747,37.4631],[22.7277,37.4862],[22.7357,37.5227],[22.7103,37.5084],[22.6945,37.4845],[22.6981,37.4718],[22.6484,37.464],[22.6416,37.4518],[22.597,37.452],[22.5747,37.4886],[22.5408,37.4878],[22.5223,37.4989],[22.5157,37.5213],[22.5377,37.5634],[22.5015,37.5984],[22.4798,37.6369],[22.4746,37.678],[22.448,37.6993],[22.4087,37.6757],[22.399,37.7104],[22.4086,37.7402],[22.4065,37.7691],[22.3918,37.8039],[22.3353,37.7977],[22.2907,37.8379],[22.2643,37.8394]]]},"properties":{"name":"Αρκαδία","id":3}},
{"type":"Feature","geometry":{"type":"Polygon","coordinates":[[[22.3918,37.8039],[22.4065,37.7691],[22.4086,37.7402],[22.399,37.7104],[22.4087,37.6757],[22.448,37.6993],[22.4746,37.678],[22.4798,37.6369],[22.5015,37.5984],[22.5377,37.5634],[22.5157,37.5213],[22.5223,37.4989],[22.5408,37.4878],[22.5747,37.4886],[22.597,37.452],[22.6416,37.4518],[22.6484,37.464],[22.6981,37.4718],[22.6945,37.4845],[22.7103,37.5084],[22.7357,37.5227],[22.7172,37.5604],[22.7251,37.5726],[22.7665,37.5895],[22.7904,37.585],[22.7991,37.5628],[22.8213,37.545],[22.8273,37.5292],[22.8478,37.516],[22.8988,37.5329],[22.9369,37.5203],[22.9767,37.5171],[22.9923,37.4833],[23.0149,37.4678],[23.0421,37.4806],[23.0565,37.4504],[23.1031,37.4538],[23.1316,37.4384],[23.1305,37.4098],[23.0736,37.3762],[23.0652,37.3522],[23.1109,37.3501],[23.1139,37.3291],[23.1484,37.296],[23.1748,37.2856],[23.1983,37.306],[23.1787,37.323],[23.1932,37.341],[23.2421,37.3456],[23.2477,37.3536],[23.2243,37.3757],[23.2721,37.407],[23.2971,37.394],[23.3459,37.4146],[23.3883,37.4112],[23.4097,37.4038],[23.4246,37.4116],[23.4478,37.4407],[23.4546,37.4628],[23.423,37.4689],[23.4097,37.4579],[23.3437,37.4624],[23.3088,37.4733],[23.3023,37.4968],[23.2866,37.4929],[23.2511,37.5017],[23.2194,37.5221],[23.1765,37.5252],[23.1643,37.5445],[23.1847,37.5672],[23.1853,37.5882],[23.2003,37.5967],[23.16,37.6168],[23.1705,37.6422],[23.1527,37.6793],[23.1732,37.7018],[23.1597,37.7147],[23.1212,37.7299],[23.0886,37.7212],[23.0683,37.7295],[23.0465,37.702],[23.0277,37.7119],[23.0057,37.7072],[22.9854,37.717],[22.9546,37.7104],[22.9546,37.7383],[22.9164,37.7554],[22.8874,37.7503],[22.8704,37.7389],[22.8262,37.7332],[22.7849,37.7343],[22.7463,37.7551],[22.7429,37.7773],[22.6888,37.7734],[22.6779,37.7634],[22.6418,37.7789],[22.6165,37.777],[22.5748,37.7923],[22.5345,37.7809],[22.5323,37.8024],[22.5483,37.8264],[22.5479,37.841],[22.5197,37.8358],[22.5004,37.8567],[22.4658,37.8404],[22.4277,37.8043],[22.3918,37.8039]]]},"properties":{"name":"Αργολίδα","id":2}},
{"type":"Feature","geometry":{"type":"Polygon","coordinates":[[[23.7645,40.758],[23.7857,40.7714],[23.8451,40.784],[23.8683,40.7781],[23.8613,40.7987],[23.8968,40.8166],[23.9327,40.8196],[23.9894,40.8508],[23.9936,40.8634],[24.0437,40.8964],[24.0568,40.915],[24.0772,40.9228],[24.1142,40.9573],[24.102,40.9754],[24.1179,41.0061],[24.0786,41.0299],[24.0369,41.0493],[24.0264,41.0866],[23.9829,41.1132],[23.9448,41.0841],[23.9057,41.1087],[23.8771,41.1155],[23.8604,41.1298],[23.8396,41.1289],[23.8015,41.1426],[23.7494,41.1929],[23.7214,41.1927],[23.7214,41.2075],[23.7047,41.2252],[23.6982,41.2486],[23.7065,41.2796],[23.7212,41.2892],[23.7056,41.3137],[23.6509,41.3149],[23.6332,41.3227],[23.6238,41.3538],[23.6244,41.3757],[23.5779,41.3906],[23.5515,41.3864],[23.5251,41.4052],[23.4843,41.3987],[23.4385,41.4063],[23.4021,41.4009],[23.377,41.3815],[23.3407,41.3636],[23.3222,41.3997],[23.2816,41.399],[23.2321,41.3753],[23.2308,41.3482],[23.2204,41.3328],[23.197,41.3226],[23.0747,41.3203],[23.0292,41.3337],[22.9739,41.3325],[22.9317,41.3405],[22.8782,41.3403],[22.8918,41.2585],[22.8688,41.2379],[22.8763,41.2071],[22.8908,41.1967],[22.9324,41.194],[22.9787,41.2134],[22.995,41.1951],[23.0419,41.1725],[23.0557,41.1512],[23.0771,41.151],[23.1163,41.137],[23.1423,41.1185],[23.1823,41.1192],[23.2062,41.0943],[23.186,41.0452],[23.228,41.0482],[23.2404,41.006],[23.2577,40.9939],[23.2611,40.9695],[23.2821,40.9463],[23.3227,40.9463],[23.3346,40.9203],[23.3569,40.9119],[23.3683,40.8574],[23.3918,40.8526],[23.4358,40.863],[23.45,40.8279],[23.4827,40.8424],[23.5106,40.8415],[23.5281,40.8323],[23.5373,40.8089],[23.5623,40.7918],[23.5838,40.7865],[23.6266,40.7878],[23.6665,40.7732],[23.6734,40.7813],[23.7369,40.781],[23.7645,40.758]]]},"properties":{"name":"Σέρρες","id":44}},
{"type":"Feature","geometry":{"type":"MultiPolygon","coordinates":[[[[23.8683,40.7781],[23.9135,40.7558],[23.9808,40.7349],[24.0496,40.7189],[24.085,40.721],[24.1449,40.7394],[24.1962,40.7708],[24.3077,40.8184],[24.3061,40.8411],[24.3328,40.8612],[24.3158,40.8682],[24.3453,40.9009],[24.3791,40.9099],[24.3944,40.9335],[24.4161,40.9308],[24.4292,40.9441],[24.5087,40.9585],[24.5518,40.9528],[24.5836,40.907],[24.6098,40.8872],[24.6275,40.8585],[24.6668,40.873],[24.6958,40.8657],[24.7071,40.8511],[24.7652,40.8599],[24.8038,40.8471],[24.7892,40.8992],[24.7507,40.9558],[24.7504,40.9718],[24.7315,41.0299],[24.7572,41.0598],[24.7698,41.0916],[24.7137,41.1092],[24.6857,41.1325],[24.6858,41.1519],[24.6698,41.164],[24.7012,41.1776],[24.6954,41.2029],[24.6637,41.2065],[24.6496,41.1999],[24.5763,41.1894],[24.5437,41.2033],[24.5165,41.1945],[24.4946,41.1987],[24.4824,41.1624],[24.4969,41.1499],[24.4864,41.1367],[24.4628,41.1311],[24.3899,41.0905],[24.3753,41.0898],[24.3355,41.0544],[24.3026,41.0638],[24.2421,41.0121],[24.2698,41.0047],[24.2439,40.981],[24.2278,40.9911],[24.1944,40.9903],[24.1622,40.9999],[24.1179,41.0061],[24.102,40.9754],[24.1142,40.9573],[24.0772,40.9228],[24.0568,40.915],[24.0437,40.8964],[23.9936,40.8634],[23.9894,40.8508],[23.9327,40.8196],[23.8968,40.8166],[23.8613,40.7987],[23.8683,40.7781]]],[[[24.6684,40.7835],[24.6547,40.7989],[24.5985,40.7772],[24.5789,40.7585],[24.5606,40.7589],[24.5574,40.7391],[24.5339,40.7143],[24.5111,40.6637],[24.5144,40.6437],[24.5371,40.6224],[24.5764,40.6261],[24.6014,40.6142],[24.6199,40.5848],[24.6612,40.5741],[24.6986,40.5964],[24.7436,40.6027],[24.779,40.6191],[24.7631,40.6732],[24.7816,40.6851],[24.7777,40.7045],[24.7607,40.7077],[24.7634,40.7322],[24.7314,40.7617],[24.7188,40.7833],[24.7001,40.7769],[24.6684,40.7835]]]]},"properties":{"name":"Καβάλα","id":21}},
{"type":"Feature","geometry":{"type":"Polygon","coordinates":[[[24.1179,41.0061],[24.1622,40.9999],[24.1944,40.9903],[24.2278,40.9911],[24.2439,40.981],[24.2698,41.0047],[24.2421,41.0121],[24.3026,41.0638],[24.3355,41.0544],[24.3753,41.0898],[24.3899,41.0905],[24.4628,41.1311],[24.4864,41.1367],[24.4969,41.1499],[24.4824,41.1624],[24.4946,41.1987],[24.4743,41.2256],[24.5118,41.227],[24.5083,41.2618],[24.5365,41.2659],[24.5792,41.2411],[24.5984,41.2658],[24.6021,41.3089],[24.6409,41.3069],[24.6619,41.324],[24.6871,41.3227],[24.7017,41.3354],[24.7076,41.3584],[24.7359,41.339],[24.7608,41.3448],[24.7838,41.3601],[24.7478,41.3803],[24.7306,41.4162],[24.7094,41.4209],[24.6558,41.4188],[24.5976,41.4408],[24.5948,41.4672],[24.5729,41.4767],[24.5628,41.5161],[24.5461,41.5392],[24.5534,41.5505],[24.5339,41.5652],[24.4835,41.5557],[24.4647,41.5453],[24.4631,41.5285],[24.4165,41.5286],[24.3954,41.5389],[24.3636,41.5165],[24.3386,41.5264],[24.3022,41.5123],[24.2977,41.5437],[24.2605,41.5727],[24.2292,41.5467],[24.2102,41.5447],[24.1723,41.5163],[24.1504,41.5391],[24.1335,41.5334],[24.1012,41.5505],[24.0635,41.5268],[24.0624,41.4859],[24.0733,41.4699],[24.0457,41.4512],[24.0086,41.4568],[23.9715,41.4383],[23.9434,41.4503],[23.9417,41.4617],[23.9143,41.4819],[23.9076,41.4592],[23.8901,41.4501],[23.8565,41.4498],[23.8331,41.4382],[23.8004,41.4372],[23.7676,41.396],[23.7553,41.4037],[23.6914,41.4044],[23.6742,41.4107],[23.6244,41.3757],[23.6238,41.3538],[23.6332,41.3227],[23.6509,41.3149],[23.7056,41.3137],[23.7212,41.2892],[23.7065,41.2796],[23.6982,41.2486],[23.7047,41.2252],[23.7214,41.2075],[23.7214,41.1927],[23.7494,41.1929],[23.8015,41.1426],[23.8396,41.1289],[23.8604,41.1298],[23.8771,41.1155],[23.9057,41.1087],[23.9448,41.0841],[23.9829,41.1132],[24.0264,41.0866],[24.0369,41.0493],[24.0786,41.0299],[24.1179,41.0061]]]},"properties":{"name":"Δράμα","id":9}},
{"type":"Feature","geometry":{"type":"Polygon","coordinates":[[[23.2404,41.006],[23.228,41.0482],[23.186,41.0452],[23.2062,41.0943],[23.1823,41.1192],[23.1423,41.1185],[23.1163,41.137],[23.0771,41.151],[23.0557,41.1512],[23.0419,41.1725],[22.995,41.1951],[22.9787,41.2134],[22.9324,41.194],[22.8908,41.1967],[22.8763,41.2071],[22.8688,41.2379],[22.8918,41.2585],[22.8782,41.3403],[22.8222,41.3345],[22.8029,41.3387],[22.7649,41.3222],[22.7662,41.2927],[22.7474,41.1631],[22.732,41.1464],[22.7113,41.1397],[22.6632,41.1851],[22.6178,41.1338],[22.5894,41.1176],[22.5621,41.1311],[22.4837,41.1199],[22.4165,41.1194],[22.3738,41.1377],[22.3497,41.1355],[22.3305,41.1207],[22.3309,41.0853],[22.3183,41.0606],[22.3294,41.0491],[22.3066,41.0162],[22.2656,41.0171],[22.2529,41.0109],[22.2572,40.9642],[22.2718,40.9583],[22.2964,40.9694],[22.3518,40.9497],[22.3614,40.9115],[22.3879,40.895],[22.4322,40.8587],[22.4614,40.8805],[22.4828,40.8809],[22.513,40.8659],[22.5303,40.8674],[22.6251,40.8384],[22.6397,40.8404],[22.6375,40.8604],[22.6836,40.8602],[22.6835,40.8338],[22.6953,40.7977],[22.7341,40.7931],[22.7609,40.8164],[22.8163,40.8231],[22.848,40.8104],[22.8954,40.8231],[22.921,40.8148],[22.9419,40.8231],[22.9804,40.87],[23.0017,40.8707],[23.0169,40.9101],[23.0204,40.9385],[23.0965,40.9587],[23.1124,40.9475],[23.1577,40.9548],[23.1818,40.9833],[23.2216,40.9936],[23.2404,41.006]]]},"properties":{"name":"Κιλκίς","id":26}},
{"type":"Feature","geometry":{"type":"Polygon","coordinates":[[[24.8038,40.8471],[24.824,40.8687],[24.8777,40.909],[24.9056,40.9204],[24.9657,40.9335],[24.9885,40.9308],[24.9969,40.9569],[25.0591,40.9999],[25.1062,41.0057],[25.1342,40.996],[25.1555,41.0145],[25.1197,41.0458],[25.1094,41.0769],[25.0783,41.0916],[25.0586,41.1089],[25.0491,41.1516],[25.0995,41.1809],[25.0951,41.1978],[25.1215,41.2087],[25.1125,41.2215],[25.1161,41.2439],[25.1365,41.2548],[25.1513,41.2308],[25.1669,41.2299],[25.2233,41.2647],[25.2093,41.2906],[25.1814,41.3075],[25.1327,41.3229],[25.1111,41.3422],[25.0768,41.3421],[25.0642,41.3584],[24.953,41.3873],[24.9173,41.4066],[24.8943,41.4047],[24.8696,41.3909],[24.8516,41.3991],[24.8193,41.4008],[24.8154,41.3536],[24.7838,41.3601],[24.7608,41.3448],[24.7359,41.339],[24.7076,41.3584],[24.7017,41.3354],[24.6871,41.3227],[24.6619,41.324],[24.6409,41.3069],[24.6021,41.3089],[24.5984,41.2658],[24.5792,41.2411],[24.5365,41.2659],[24.5083,41.2618],[24.5118,41.227],[24.4743,41.2256],[24.4946,41.1987],[24.5165,41.1945],[24.5437,41.2033],[24.5763,41.1894],[24.6496,41.1999],[24.6637,41.2065],[24.6954,41.2029],[24.7012,41.1776],[24.6698,41.164],[24.6858,41.1519],[24.6857,41.1325],[24.7137,41.1092],[24.7698,41.0916],[24.7572,41.0598],[24.7315,41.0299],[24.7504,40.9718],[24.7507,40.9558],[24.7892,40.8992],[24.8038,40.8471]]]},"properties":{"name":"Ξάνθη","id":37}},
{"type":"Feature","geometry":{"type":"Polygon","coordinates":[[[25.1342,40.996],[25.1386,40.9783],[25.1286,40.9566],[25.1637,40.9495],[25.174,40.94],[25.2133,40.9412],[25.2691,40.9303],[25.3138,40.9449],[25.3606,40.9354],[25.3794,40.9097],[25.4546,40.8978],[25.5074,40.8801],[25.508,40.8731],[25.5525,40.8589],[25.5886,40.8688],[25.6326,40.8632],[25.6197,40.9453],[25.6198,40.9628],[25.6459,40.9695],[25.6832,40.9475],[25.7007,40.9566],[25.6818,40.9789],[25.7167,40.9763],[25.778,40.9926],[25.8218,40.9975],[25.8185,41.0236],[25.8574,41.0361],[25.8588,41.057],[25.8727,41.0737],[25.8823,41.1064],[25.925,41.1046],[25.9528,41.1087],[25.9207,41.138],[25.9226,41.1557],[25.894,41.1952],[25.9121,41.2167],[25.903,41.2294],[25.9259,41.2783],[25.9075,41.3077],[25.8842,41.3044],[25.8246,41.3472],[25.7907,41.3331],[25.7796,41.3213],[25.7186,41.3168],[25.7117,41.291],[25.6566,41.3142],[25.6235,41.3038],[25.5597,41.3175],[25.5476,41.3111],[25.5317,41.2777],[25.4739,41.2866],[25.4324,41.2753],[25.3859,41.2562],[25.3676,41.2601],[25.3348,41.2407],[25.2315,41.2489],[25.2233,41.2647],[25.1669,41.2299],[25.1513,41.2308],[25.1365,41.2548],[25.1161,41.2439],[25.1125,41.2215],[25.1215,41.2087],[25.0951,41.1978],[25.0995,41.1809],[25.0491,41.1516],[25.0586,41.1089],[25.0783,41.0916],[25.1094,41.0769],[25.1197,41.0458],[25.1555,41.0145],[25.1342,40.996]]]},"properties":{"name":"Ροδόπη","id":42}},
{"type":"Feature","geometry":{"type":"MultiPolygon","coordinates":[[[[25.6326,40.8632],[25.7072,40.848],[25.8143,40.8511],[25.8802,40.84],[25.912,40.8477],[25.9459,40.8422],[25.9753,40.8307],[25.9979,40.8124],[26.0022,40.7965],[26.0242,40.7949],[26.038,40.7682],[26.0328,40.7303],[26.075,40.7277],[26.1253,40.7441],[26.1268,40.7704],[26.1551,40.8084],[26.2047,40.8284],[26.2057,40.8654],[26.2208,40.8847],[26.2498,40.8817],[26.2564,40.9107],[26.2759,40.8941],[26.3009,40.9039],[26.2847,40.924],[26.3273,40.944],[26.359,40.9494],[26.3278,40.9769],[26.3617,41.0073],[26.3157,41.0656],[26.3106,41.0812],[26.3322,41.098],[26.3219,41.1253],[26.3327,41.1471],[26.3066,41.1746],[26.3225,41.1898],[26.3281,41.2222],[26.3188,41.2476],[26.3336,41.2588],[26.3643,41.2516],[26.4056,41.2547],[26.4434,41.2825],[26.4637,41.2853],[26.4669,41.3037],[26.4903,41.3097],[26.4979,41.3283],[26.5189,41.3397],[26.5441,41.3422],[26.5741,41.3237],[26.5984,41.3272],[26.6251,41.3438],[26.6339,41.3742],[26.6297,41.4163],[26.6132,41.4242],[26.6123,41.4642],[26.5974,41.4808],[26.6033,41.5023],[26.5911,41.5283],[26.5985,41.5802],[26.5916,41.6102],[26.5684,41.6103],[26.5296,41.6216],[26.4711,41.6695],[26.4475,41.6844],[26.4285,41.6809],[26.3862,41.691],[26.3674,41.7092],[26.3289,41.715],[26.3117,41.7086],[26.2496,41.7231],[26.2339,41.7381],[26.2146,41.732],[26.1663,41.7476],[26.1171,41.7253],[26.1136,41.7143],[26.0813,41.7155],[26.0622,41.6923],[26.0705,41.6509],[26.0901,41.6429],[26.0947,41.6272],[26.136,41.6328],[26.1499,41.5952],[26.1474,41.5545],[26.1765,41.555],[26.1849,41.5201],[26.155,41.476],[26.1932,41.4461],[26.1595,41.42],[26.1581,41.3901],[26.1362,41.3747],[26.1322,41.355],[26.1044,41.3552],[26.0811,41.3454],[26.0421,41.3503],[26.0147,41.345],[25.9995,41.3264],[25.9747,41.3181],[25.9396,41.3206],[25.9075,41.3077],[25.9259,41.2783],[25.903,41.2294],[25.9121,41.2167],[25.894,41.1952],[25.9226,41.1557],[25.9207,41.138],[25.9528,41.1087],[25.925,41.1046],[25.8823,41.1064],[25.8727,41.0737],[25.8588,41.057],[25.8574,41.0361],[25.8185,41.0236],[25.8218,40.9975],[25.778,40.9926],[25.7167,40.9763],[25.6818,40.9789],[25.7007,40.9566],[25.6832,40.9475],[25.6459,40.9695],[25.6198,40.9628],[25.6197,40.9453],[25.6326,40.8632]]],[[[25.5681,40.51],[25.5011,40.497],[25.4716,40.4755],[25.4635,40.4557],[25.508,40.4258],[25.5406,40.4154],[25.5636,40.3965],[25.5998,40.3937],[25.6875,40.4217],[25.6984,40.4659],[25.662,40.4881],[25.6191,40.5028],[25.5681,40.51]]]]},"properties":{"name":"Έβρος","id":11}},
{"type":"Feature","geometry":{"type":"MultiPolygon","coordinates":[[[[20.9553,38.6529],[20.915,38.6491],[20.8953,38.6405],[20.8689,38.5956],[20.8961,38.6083],[20.9277,38.6151],[20.9519,38.6328],[20.9553,38.6529]]],[[[20.7816,38.6784],[20.755,38.6641],[20.7411,38.6685],[20.735,38.6375],[20.7982,38.6503],[20.807,38.6621],[20.7816,38.6784]]],[[[20.6837,38.8345],[20.6551,38.8355],[20.6318,38.815],[20.6227,38.7934],[20.6052,38.7864],[20.5864,38.7474],[20.5736,38.7056],[20.5564,38.6809],[20.5582,38.6283],[20.5492,38.5929],[20.5714,38.5891],[20.5884,38.6237],[20.6164,38.6019],[20.6561,38.6083],[20.6725,38.6027],[20.6882,38.618],[20.7243,38.6318],[20.7126,38.6646],[20.7103,38.7069],[20.729,38.7232],[20.7218,38.7509],[20.7198,38.7938],[20.7267,38.8065],[20.7097,38.8362],[20.6837,38.8345]]]]},"properties":{"name":"Λευκάδα","id":34}},
{"type":"Feature","geometry":{"type":"MultiPolygon","coordinates":[[[[21.3729,39.1745],[21.3234,39.1606],[21.3246,39.1459],[21.2704,39.1172],[21.2373,39.1312],[21.2099,39.1223],[21.1945,39.129],[21.1603,39.1283],[21.1186,39.1212],[21.0943,39.1002],[21.0872,39.0807],[21.1083,39.0462],[21.1178,39.0408],[21.1639,38.9776],[21.1415,38.9579],[21.1395,38.9226],[21.1646,38.9067],[21.1339,38.8947],[21.0976,38.9135],[21.0882,38.8997],[21.0915,38.8781],[21.0662,38.8771],[21.0185,38.8982],[21.024,38.9258],[20.9928,38.9269],[20.9727,38.9453],[20.9392,38.9329],[20.924,38.9454],[20.9019,38.9208],[20.847,38.9354],[20.8398,38.9211],[20.7954,38.9197],[20.7648,38.9491],[20.7472,38.9252],[20.7617,38.8964],[20.798,38.8656],[20.7626,38.8628],[20.7364,38.8506],[20.7418,38.8359],[20.73,38.8157],[20.7291,38.7951],[20.7291,38.7949],[20.7511,38.7893],[20.7631,38.7608],[20.8084,38.7628],[20.8383,38.7905],[20.8719,38.7949],[20.8937,38.7095],[20.9222,38.6699],[20.9669,38.6733],[20.9887,38.6687],[20.9911,38.6413],[21.0199,38.6115],[21.0207,38.5753],[21.0128,38.5356],[21.0252,38.5087],[21.0442,38.503],[21.0839,38.5356],[21.0968,38.5285],[21.0865,38.4923],[21.1028,38.4737],[21.0931,38.4612],[21.1294,38.4006],[21.1264,38.3866],[21.0993,38.3693],[21.0958,38.3456],[21.1285,38.338],[21.1328,38.3219],[21.1608,38.2992],[21.2053,38.3058],[21.2198,38.3241],[21.2667,38.3398],[21.2681,38.3624],[21.335,38.3887],[21.3438,38.4382],[21.3339,38.4559],[21.3011,38.4797],[21.3224,38.4986],[21.357,38.461],[21.3637,38.4465],[21.364,38.4066],[21.3969,38.3865],[21.4118,38.394],[21.4331,38.3678],[21.4628,38.363],[21.4868,38.3278],[21.4914,38.3013],[21.518,38.2984],[21.5317,38.3139],[21.5771,38.3288],[21.5884,38.3438],[21.6148,38.3415],[21.6354,38.3552],[21.6808,38.3456],[21.7025,38.3503],[21.7334,38.3347],[21.7688,38.3303],[21.7778,38.3597],[21.7921,38.3746],[21.8273,38.3909],[21.8538,38.3752],[21.8804,38.4126],[21.8858,38.4429],[21.8822,38.4643],[21.9229,38.4806],[21.9371,38.4918],[21.9686,38.4973],[21.9984,38.5181],[21.9903,38.5322],[21.9942,38.5553],[22.015,38.5863],[21.9682,38.602],[21.976,38.6188],[22.002,38.6357],[21.9866,38.6458],[21.9824,38.6691],[21.9951,38.6958],[21.9903,38.7094],[22.0246,38.7235],[22.0231,38.7406],[21.9994,38.7689],[21.9725,38.7694],[21.9462,38.7834],[21.9448,38.7427],[21.8974,38.7239],[21.8682,38.7372],[21.831,38.7372],[21.8275,38.7098],[21.8098,38.6852],[21.7676,38.6823],[21.7735,38.7027],[21.7625,38.715],[21.739,38.7075],[21.6856,38.7027],[21.6694,38.7151],[21.6416,38.7138],[21.5713,38.7368],[21.5637,38.7809],[21.5528,38.7933],[21.5708,38.8181],[21.5743,38.8487],[21.6197,38.8506],[21.6346,38.8582],[21.61,38.8828],[21.5563,38.89],[21.5075,38.8892],[21.4939,38.9325],[21.5032,38.971],[21.4646,38.9866],[21.4285,38.9925],[21.41,39.0092],[21.3746,39.0171],[21.3773,39.0318],[21.4113,39.06],[21.4344,39.1047],[21.4081,39.1199],[21.3949,39.1382],[21.3962,39.1648],[21.3729,39.1745]]],[[[21.4863,38.3277],[21.4818,38.3072],[21.4454,38.3312],[21.4379,38.3255],[21.4868,38.3018],[21.4863,38.3277]]]]},"properties":{"name":"Αιτωλοακαρνανία","id":1}},
{"type":"Feature","geometry":{"type":"Polygon","coordinates":[[[21.0042,40.1544],[21.0273,40.143],[21.0483,40.1479],[21.0701,40.1831],[21.0816,40.1984],[21.0848,40.2239],[21.0675,40.2434],[21.073,40.3096],[21.0897,40.3336],[21.1192,40.3352],[21.1421,40.3519],[21.2239,40.3441],[21.2328,40.36],[21.2192,40.3811],[21.2396,40.397],[21.262,40.3828],[21.2605,40.3672],[21.2799,40.3611],[21.3197,40.3911],[21.3278,40.4107],[21.3436,40.4117],[21.3573,40.3888],[21.3997,40.3683],[21.4119,40.3884],[21.4329,40.3928],[21.4607,40.41],[21.4758,40.4555],[21.4704,40.4696],[21.4895,40.4927],[21.5172,40.5117],[21.5104,40.5256],[21.4945,40.5273],[21.4913,40.5607],[21.4561,40.5781],[21.4469,40.6048],[21.4189,40.6068],[21.394,40.5916],[21.3839,40.6018],[21.3798,40.6387],[21.3889,40.6573],[21.3666,40.6737],[21.3623,40.6873],[21.3262,40.6957],[21.2974,40.6853],[21.2787,40.7075],[21.2972,40.7224],[21.2456,40.7516],[21.2151,40.6788],[21.1879,40.6462],[21.1574,40.6425],[21.1082,40.609],[21.0689,40.6037],[21.0559,40.6167],[21.0402,40.5917],[21.0428,40.5581],[21.0069,40.5513],[20.9976,40.5335],[20.9689,40.5195],[20.9688,40.4884],[20.9555,40.469],[20.9319,40.4626],[20.9073,40.4761],[20.872,40.4706],[20.8441,40.4799],[20.8312,40.4557],[20.7875,40.4286],[20.7905,40.3626],[20.7796,40.3481],[20.8222,40.337],[20.8437,40.3432],[20.8584,40.3754],[20.8692,40.3766],[20.8758,40.3337],[20.9196,40.2977],[20.956,40.2536],[20.9681,40.2249],[20.992,40.2069],[21.0042,40.1544]]]},"properties":{"name":"Καστοριά","id":23}},
{"type":"Feature","geometry":{"type":"Polygon","coordinates":[[[21.5104,40.5256],[21.5361,40.5376],[21.5325,40.5543],[21.5615,40.572],[21.5939,40.5838],[21.6418,40.5863],[21.6847,40.5952],[21.7039,40.5889],[21.7705,40.6053],[21.7844,40.6134],[21.8,40.641],[21.7877,40.6591],[21.8221,40.6963],[21.8133,40.7226],[21.7802,40.744],[21.7955,40.7703],[21.7698,40.7793],[21.7492,40.774],[21.7358,40.8271],[21.7136,40.8471],[21.7171,40.87],[21.7718,40.8671],[21.8022,40.8792],[21.8304,40.8986],[21.8052,40.9094],[21.7885,40.9313],[21.7577,40.9253],[21.7311,40.9302],[21.7055,40.9434],[21.6728,40.9274],[21.6714,40.8984],[21.6534,40.9009],[21.6212,40.8885],[21.5932,40.866],[21.5664,40.8664],[21.5254,40.9101],[21.4898,40.9121],[21.4645,40.9068],[21.4409,40.9168],[21.4162,40.9169],[21.3627,40.8793],[21.313,40.8667],[21.2686,40.8639],[21.2077,40.8838],[21.1769,40.8749],[21.1564,40.8576],[21.1182,40.8537],[20.9804,40.8525],[20.9845,40.798],[20.9627,40.7722],[20.9836,40.7623],[20.9835,40.7409],[21.0264,40.7083],[21.0573,40.6678],[21.0559,40.6167],[21.0689,40.6037],[21.1082,40.609],[21.1574,40.6425],[21.1879,40.6462],[21.2151,40.6788],[21.2456,40.7516],[21.2972,40.7224],[21.2787,40.7075],[21.2974,40.6853],[21.3262,40.6957],[21.3623,40.6873],[21.3666,40.6737],[21.3889,40.6573],[21.3798,40.6387],[21.3839,40.6018],[21.394,40.5916],[21.4189,40.6068],[21.4469,40.6048],[21.4561,40.5781],[21.4913,40.5607],[21.4945,40.5273],[21.5104,40.5256]]]},"properties":{"name":"Φλώρινα","id":47}},
{"type":"Feature","geometry":{"type":"Polygon","coordinates":[[[22.1152,40.19],[22.1162,40.212],[22.1683,40.234],[22.1953,40.292],[22.1842,40.3019],[22.1636,40.3002],[22.1271,40.3259],[22.1252,40.3575],[22.098,40.3751],[22.0921,40.3912],[22.1059,40.43],[22.0711,40.4415],[22.0286,40.446],[21.985,40.4781],[21.9285,40.488],[21.9253,40.5192],[21.8957,40.543],[21.8924,40.5576],[21.9121,40.5781],[21.8849,40.595],[21.8849,40.6411],[21.9027,40.6508],[21.9063,40.6813],[21.8581,40.6958],[21.8464,40.7081],[21.8221,40.6963],[21.7877,40.6591],[21.8,40.641],[21.7844,40.6134],[21.7705,40.6053],[21.7039,40.5889],[21.6847,40.5952],[21.6418,40.5863],[21.5939,40.5838],[21.5615,40.572],[21.5325,40.5543],[21.5361,40.5376],[21.5104,40.5256],[21.5172,40.5117],[21.4895,40.4927],[21.4704,40.4696],[21.4758,40.4555],[21.4607,40.41],[21.4329,40.3928],[21.4119,40.3884],[21.3997,40.3683],[21.3573,40.3888],[21.3436,40.4117],[21.3278,40.4107],[21.3197,40.3911],[21.2799,40.3611],[21.2605,40.3672],[21.262,40.3828],[21.2396,40.397],[21.2192,40.3811],[21.2328,40.36],[21.2239,40.3441],[21.1421,40.3519],[21.1192,40.3352],[21.0897,40.3336],[21.073,40.3096],[21.0675,40.2434],[21.0848,40.2239],[21.0816,40.1984],[21.0701,40.1831],[21.1058,40.1522],[21.1564,40.1527],[21.192,40.1745],[21.2112,40.1563],[21.2354,40.158],[21.261,40.1706],[21.2738,40.1901],[21.3049,40.1968],[21.3116,40.2172],[21.3363,40.2113],[21.3618,40.2328],[21.3787,40.2279],[21.4832,40.2375],[21.5278,40.2139],[21.5425,40.1778],[21.5705,40.1607],[21.5968,40.1549],[21.6163,40.1754],[21.6516,40.1922],[21.686,40.1731],[21.7071,40.153],[21.6997,40.1102],[21.7142,40.11],[21.7352,40.0915],[21.7675,40.1091],[21.7889,40.1047],[21.7895,40.049],[21.815,40.0131],[21.7986,39.9905],[21.7759,39.9864],[21.7949,39.9602],[21.8075,39.9642],[21.8639,39.9582],[21.8812,39.9544],[21.9324,39.9817],[21.9592,40.0079],[21.961,40.0279],[21.9946,40.0417],[21.9923,40.0565],[22.0213,40.0628],[22.0335,40.0867],[22.0761,40.1156],[22.1015,40.1462],[22.088,40.1618],[22.1152,40.19]]]},"properties":{"name":"Κοζάνη","id":27}},
{"type":"Feature","geometry":{"type":"Polygon","coordinates":[[[22.4915,40.711],[22.5154,40.7301],[22.5626,40.7259],[22.57,40.7396],[22.5541,40.7512],[22.5209,40.8036],[22.5792,40.8102],[22.6003,40.8049],[22.6176,40.8166],[22.6441,40.8143],[22.6397,40.8404],[22.6251,40.8384],[22.5303,40.8674],[22.513,40.8659],[22.4828,40.8809],[22.4614,40.8805],[22.4322,40.8587],[22.3879,40.895],[22.3614,40.9115],[22.3518,40.9497],[22.2964,40.9694],[22.2718,40.9583],[22.2572,40.9642],[22.2529,41.0109],[22.2656,41.0171],[22.3066,41.0162],[22.3294,41.0491],[22.3183,41.0606],[22.3309,41.0853],[22.3305,41.1207],[22.3258,41.1377],[22.258,41.1655],[22.2149,41.1687],[22.172,41.1567],[22.1466,41.1269],[22.1284,41.1234],[22.0876,41.138],[22.0618,41.1555],[22.0297,41.1332],[21.9748,41.1277],[21.9125,41.0904],[21.904,41.0692],[21.912,41.0494],[21.8523,41.012],[21.848,40.9984],[21.8014,40.9752],[21.8042,40.945],[21.7885,40.9313],[21.8052,40.9094],[21.8304,40.8986],[21.8022,40.8792],[21.7718,40.8671],[21.7171,40.87],[21.7136,40.8471],[21.7358,40.8271],[21.7492,40.774],[21.7698,40.7793],[21.7955,40.7703],[21.7802,40.744],[21.8133,40.7226],[21.8221,40.6963],[21.8464,40.7081],[21.8581,40.6958],[21.9063,40.6813],[21.9824,40.6889],[22.0088,40.6991],[22.0568,40.705],[22.0789,40.7343],[22.1184,40.7072],[22.1442,40.7074],[22.1695,40.6972],[22.2055,40.7014],[22.2505,40.6899],[22.2695,40.6635],[22.3038,40.6429],[22.3588,40.6782],[22.386,40.7118],[22.401,40.686],[22.4329,40.6813],[22.4617,40.6978],[22.465,40.71],[22.4915,40.711]]]},"properties":{"name":"Πέλλα","id":38}},
{"type":"Feature","geometry":{"type":"MultiPolygon","coordinates":[[[[23.1265,38.1683],[23.1623,38.168],[23.2217,38.157],[23.2226,38.1451],[23.1779,38.141],[23.1807,38.1255],[23.2048,38.1259],[23.2153,38.0993],[23.1788,38.0866],[23.1729,38.0761],[23.1176,38.0607],[23.1149,37.9845],[23.1719,37.9687],[23.1791,37.9513],[23.1961,37.9544],[23.2426,37.9757],[23.2779,37.9778],[23.3133,37.9713],[23.3262,37.9774],[23.3898,37.9741],[23.4161,37.9891],[23.4187,38.0002],[23.4512,38.0236],[23.4925,38.0262],[23.5215,38.0441],[23.5479,38.0337],[23.5674,38.0462],[23.5975,38.0289],[23.5983,38.0195],[23.5844,37.9968],[23.5689,37.995],[23.5531,37.98],[23.5552,37.9645],[23.5971,37.9583],[23.629,37.9281],[23.669,37.9371],[23.7141,37.9089],[23.7246,37.8761],[23.7433,37.8534],[23.7693,37.8339],[23.7665,37.8173],[23.7983,37.8034],[23.8033,37.8188],[23.8689,37.8002],[23.9015,37.7734],[23.9035,37.7331],[23.9362,37.7062],[23.9387,37.6751],[23.9475,37.6687],[23.9977,37.6615],[24.0317,37.6519],[24.0513,37.6734],[24.0663,37.6771],[24.0611,37.7178],[24.0531,37.7322],[24.0808,37.7664],[24.0845,37.7961],[24.0472,37.8216],[24.0577,37.8571],[24.0447,37.8748],[24.0242,37.8705],[24.0101,37.8875],[24.0428,37.8953],[24.0065,37.9651],[24.0142,37.9865],[24.0311,37.9929],[24.001,38.0367],[23.9992,38.0665],[23.9837,38.0881],[23.9868,38.1149],[24.0336,38.1413],[24.0555,38.1417],[24.0657,38.1708],[24.0584,38.1837],[24.0725,38.1999],[24.0521,38.2067],[23.9986,38.2467],[23.9534,38.2849],[23.9069,38.2985],[23.8934,38.2948],[23.8685,38.3081],[23.8359,38.3122],[23.8083,38.3252],[23.7822,38.3245],[23.7696,38.3383],[23.7109,38.3352],[23.6904,38.3402],[23.6829,38.3232],[23.6657,38.3218],[23.6652,38.3013],[23.648,38.2952],[23.6349,38.2721],[23.6388,38.2391],[23.6342,38.2113],[23.6284,38.1716],[23.5795,38.1566],[23.5576,38.1385],[23.5159,38.1354],[23.5096,38.1523],[23.4622,38.1633],[23.4576,38.2017],[23.4431,38.2095],[23.4048,38.2068],[23.3757,38.2129],[23.3699,38.2271],[23.3913,38.2361],[23.3947,38.2664],[23.3648,38.2601],[23.3264,38.2643],[23.302,38.2518],[23.2888,38.2345],[23.2926,38.1908],[23.2845,38.1837],[23.2116,38.1822],[23.1265,38.1683]]],[[[23.4246,37.4116],[23.4994,37.4244],[23.5213,37.4354],[23.5202,37.4533],[23.4972,37.4726],[23.4381,37.5032],[23.4041,37.5094],[23.4175,37.5304],[23.3823,37.5497],[23.3906,37.5799],[23.4148,37.6126],[23.4013,37.635],[23.3836,37.6405],[23.3236,37.6315],[23.3102,37.6195],[23.3541,37.578],[23.3655,37.5509],[23.332,37.5328],[23.2717,37.5564],[23.2637,37.5728],[23.2003,37.5967],[23.1853,37.5882],[23.1847,37.5672],[23.1643,37.5445],[23.1765,37.5252],[23.2194,37.5221],[23.2511,37.5017],[23.2866,37.4929],[23.3023,37.4968],[23.3088,37.4733],[23.3437,37.4624],[23.4097,37.4579],[23.423,37.4689],[23.4546,37.4628],[23.4478,37.4407],[23.4246,37.4116]]],[[[23.2878,35.8899],[23.2914,35.8517],[23.3309,35.8263],[23.3191,35.8786],[23.2878,35.8899]]],[[[22.952,36.3831],[22.9207,36.3762],[22.8921,36.3226],[22.9163,36.303],[22.9131,36.2729],[22.9249,36.2505],[22.9011,36.2325],[22.9159,36.2125],[22.911,36.2021],[22.9402,36.1576],[22.9737,36.1522],[22.9897,36.1401],[23.024,36.1407],[23.0471,36.1306],[23.0509,36.1495],[23.0444,36.1784],[23.0541,36.2183],[23.0736,36.2263],[23.09,36.219],[23.1032,36.2384],[23.0972,36.2504],[23.0506,36.2854],[23.0038,36.3074],[22.979,36.3307],[22.9765,36.3483],[22.952,36.3831]]],[[[23.1389,37.2767],[23.1165,37.2812],[23.0944,37.2748],[23.135,37.2345],[23.1617,37.2407],[23.1652,37.2648],[23.1389,37.2767]]],[[[23.3623,37.3399],[23.3237,37.3476],[23.2819,37.3355],[23.3007,37.3213],[23.3293,37.3217],[23.3623,37.3399]]],[[[23.576,37.3657],[23.535,37.365],[23.5177,37.3706],[23.4691,37.3545],[23.4365,37.3364],[23.384,37.3155],[23.4002,37.2941],[23.4466,37.3168],[23.4986,37.3182],[23.5024,37.3425],[23.523,37.3445],[23.576,37.3657]]],[[[23.5166,37.5252],[23.4724,37.5352],[23.4253,37.5212],[23.449,37.5091],[23.4915,37.5011],[23.5113,37.508],[23.5166,37.5252]]],[[[23.3517,37.7112],[23.3416,37.7118],[23.3218,37.6855],[23.3405,37.6729],[23.3733,37.6962],[23.3517,37.7112]]],[[[23.487,37.7729],[23.4178,37.7615],[23.4339,37.7291],[23.4577,37.7207],[23.4687,37.6995],[23.4524,37.6876],[23.4786,37.6735],[23.5254,37.6928],[23.5215,37.7102],[23.5408,37.7283],[23.563,37.7705],[23.487,37.7729]]],[[[23.5282,37.9883],[23.4999,38.0009],[23.4424,37.9637],[23.4599,37.9522],[23.4969,37.9603],[23.469,37.9242],[23.4292,37.9293],[23.4027,37.9113],[23.4028,37.8938],[23.4345,37.8851],[23.4445,37.8752],[23.4776,37.8889],[23.5118,37.9125],[23.5303,37.9136],[23.5497,37.9518],[23.5253,37.9636],[23.5282,37.9883]]]]},"properties":{"name":"Αττική","id":5}},
{"type":"Feature","geometry":{"type":"MultiPolygon","coordinates":[[[[20.5643,38.4745],[20.5421,38.4741],[20.5365,38.4301],[20.5493,38.3867],[20.5479,38.3623],[20.5322,38.341],[20.4772,38.3096],[20.4689,38.3263],[20.449,38.3252],[20.4364,38.3575],[20.3973,38.3491],[20.3999,38.3295],[20.3868,38.2937],[20.3876,38.2747],[20.3586,38.2603],[20.3589,38.2301],[20.3376,38.1892],[20.3399,38.1784],[20.3756,38.1646],[20.3811,38.1501],[20.4402,38.1662],[20.4394,38.2255],[20.4233,38.2735],[20.4503,38.2788],[20.4599,38.245],[20.4801,38.2045],[20.4685,38.1901],[20.4808,38.1708],[20.4753,38.1592],[20.4959,38.1347],[20.4892,38.1231],[20.5138,38.1023],[20.5333,38.1042],[20.5525,38.0933],[20.6189,38.1174],[20.6408,38.1101],[20.7028,38.069],[20.7409,38.0625],[20.7647,38.0695],[20.7891,38.0598],[20.8143,38.108],[20.7697,38.1559],[20.7543,38.1824],[20.7122,38.2242],[20.6953,38.2624],[20.6645,38.2679],[20.6339,38.2526],[20.6104,38.2931],[20.6287,38.3253],[20.6109,38.4021],[20.589,38.4305],[20.5835,38.4617],[20.5643,38.4745]]],[[[20.6732,38.4738],[20.6752,38.4927],[20.6481,38.4945],[20.6418,38.468],[20.6151,38.4655],[20.6636,38.3855],[20.6663,38.3625],[20.6857,38.3492],[20.6949,38.3163],[20.7147,38.3034],[20.7639,38.318],[20.7438,38.3293],[20.7403,38.3436],[20.752,38.3698],[20.735,38.3861],[20.6953,38.3729],[20.675,38.3803],[20.7079,38.4367],[20.6715,38.4597],[20.6732,38.4738]]]]},"properties":{"name":"Κεφαλονιά","id":25}},
{"type":"Feature","geometry":{"type":"Polygon","coordinates":[[[21.3962,39.1648],[21.3949,39.1382],[21.4081,39.1199],[21.4344,39.1047],[21.4113,39.06],[21.3773,39.0318],[21.3746,39.0171],[21.41,39.0092],[21.4285,38.9925],[21.4646,38.9866],[21.5032,38.971],[21.4939,38.9325],[21.5075,38.8892],[21.5563,38.89],[21.61,38.8828],[21.6346,38.8582],[21.6197,38.8506],[21.5743,38.8487],[21.5708,38.8181],[21.5528,38.7933],[21.5637,38.7809],[21.5713,38.7368],[21.6416,38.7138],[21.6694,38.7151],[21.6856,38.7027],[21.739,38.7075],[21.7625,38.715],[21.7735,38.7027],[21.7676,38.6823],[21.8098,38.6852],[21.8275,38.7098],[21.831,38.7372],[21.8682,38.7372],[21.8974,38.7239],[21.9448,38.7427],[21.9462,38.7834],[21.9374,38.8147],[21.9048,38.8312],[21.8753,38.8672],[21.8854,38.9083],[21.8733,38.9254],[21.8325,38.9433],[21.8632,38.9993],[21.8641,39.0184],[21.8853,39.0258],[21.9038,39.0479],[21.9397,39.0653],[21.9312,39.1016],[21.9013,39.1068],[21.8927,39.1235],[21.8585,39.1516],[21.8359,39.1547],[21.8165,39.1381],[21.8177,39.1261],[21.7714,39.102],[21.7673,39.1132],[21.73,39.1143],[21.7238,39.1502],[21.7414,39.1799],[21.6988,39.1831],[21.6899,39.2078],[21.6862,39.2518],[21.6437,39.2454],[21.6359,39.2567],[21.6091,39.2409],[21.5919,39.2434],[21.54,39.2162],[21.5081,39.2355],[21.4691,39.2134],[21.4258,39.1772],[21.3962,39.1648]]]},"properties":{"name":"Ευρυτανία","id":13}},
{"type":"Feature","geometry":{"type":"Polygon","coordinates":[[[21.3513,38.1023],[21.3051,38.028],[21.2555,37.9735],[21.2116,37.9443],[21.1647,37.9274],[21.1421,37.9411],[21.1284,37.9368],[21.1065,37.8731],[21.1064,37.8482],[21.1417,37.8322],[21.1874,37.8233],[21.2558,37.7976],[21.2844,37.7787],[21.3036,37.7578],[21.3084,37.7261],[21.3201,37.7043],[21.3053,37.6724],[21.319,37.6549],[21.3363,37.6631],[21.3875,37.654],[21.4459,37.6138],[21.5336,37.5671],[21.5695,37.5369],[21.6095,37.4941],[21.661,37.4184],[21.6819,37.3746],[21.7033,37.3941],[21.7452,37.3931],[21.7865,37.3982],[21.8495,37.3913],[21.9016,37.4045],[21.8834,37.442],[21.9011,37.4483],[21.9135,37.47],[21.9509,37.4849],[21.9657,37.4833],[21.9994,37.4989],[21.9493,37.5433],[21.9199,37.5549],[21.8784,37.6041],[21.8298,37.6028],[21.7975,37.5848],[21.7921,37.6324],[21.8113,37.6829],[21.81,37.7122],[21.7961,37.7388],[21.7932,37.7893],[21.8182,37.8259],[21.8583,37.8537],[21.8903,37.8657],[21.8591,37.905],[21.8311,37.9138],[21.8308,37.9327],[21.8078,37.9562],[21.797,37.9391],[21.7599,37.9229],[21.7444,37.9021],[21.694,37.8663],[21.692,37.8459],[21.6764,37.8371],[21.6616,37.8494],[21.6397,37.8921],[21.6011,37.8995],[21.5763,37.9191],[21.5349,37.9148],[21.4936,37.9263],[21.4994,37.9364],[21.4611,37.9556],[21.4407,37.9786],[21.4593,37.9891],[21.447,38.0051],[21.4509,38.0231],[21.4274,38.0299],[21.402,38.0571],[21.3613,38.0767],[21.3513,38.1023]]]},"properties":{"name":"Ηλεία","id":15}},
{"type":"Feature","geometry":{"type":"MultiPolygon","coordinates":[[[[21.9657,37.4833],[21.9509,37.4849],[21.9135,37.47],[21.9011,37.4483],[21.8834,37.442],[21.9016,37.4045],[21.8495,37.3913],[21.7865,37.3982],[21.7452,37.3931],[21.7033,37.3941],[21.6819,37.3746],[21.6983,37.3181],[21.693,37.2956],[21.6706,37.2589],[21.5993,37.2161],[21.5774,37.1927],[21.5662,37.1602],[21.5787,37.0881],[21.5762,37.0613],[21.5997,37.0422],[21.6184,37.0159],[21.643,37.0009],[21.6587,36.9728],[21.6573,36.9503],[21.6831,36.9564],[21.7097,36.9435],[21.7081,36.9243],[21.691,36.9109],[21.68,36.8886],[21.6919,36.8393],[21.7049,36.815],[21.7293,36.7991],[21.7702,36.7995],[21.8085,36.8072],[21.8249,36.8019],[21.8296,36.7771],[21.8466,36.7565],[21.8624,36.7504],[21.879,36.7206],[21.9061,36.7453],[21.9342,36.7605],[21.9394,36.783],[21.958,36.793],[21.9382,36.8086],[21.9216,36.8651],[21.9247,36.9039],[21.9328,36.9215],[21.9353,36.957],[21.9265,36.9676],[21.9405,36.9895],[21.9761,37.0066],[22.0205,37.0218],[22.0736,37.0285],[22.1418,37.0208],[22.1547,36.9947],[22.1405,36.9657],[22.1464,36.945],[22.131,36.9109],[22.1613,36.893],[22.18,36.8894],[22.1929,36.9028],[22.2259,36.894],[22.2598,36.8413],[22.2964,36.8139],[22.2969,36.8024],[22.3242,36.7442],[22.3309,36.7377],[22.3624,36.7454],[22.3852,36.7879],[22.3977,36.7917],[22.403,36.822],[22.3624,36.8743],[22.3626,36.9181],[22.3462,36.9351],[22.3542,36.972],[22.3505,36.9918],[22.3269,37.0135],[22.3172,37.0425],[22.272,37.0443],[22.273,37.0591],[22.2928,37.0699],[22.3019,37.09],[22.298,37.1107],[22.2793,37.1138],[22.2719,37.1396],[22.252,37.1693],[22.2156,37.1598],[22.1989,37.1377],[22.1839,37.1377],[22.1736,37.1665],[22.137,37.1794],[22.1373,37.193],[22.1152,37.2078],[22.1052,37.2286],[22.0779,37.2292],[22.0653,37.2589],[22.0437,37.2618],[22.0183,37.2846],[22.0262,37.3128],[22.0195,37.3254],[21.9913,37.3416],[21.9559,37.3735],[21.9748,37.3828],[21.9937,37.4162],[21.9703,37.4565],[21.9489,37.4748],[21.9657,37.4833]]],[[[21.7762,36.7009],[21.7761,36.7203],[21.7878,36.7416],[21.7579,36.7563],[21.7501,36.7159],[21.7762,36.7009]]],[[[21.7264,36.7847],[21.694,36.7836],[21.6971,36.7581],[21.7193,36.7673],[21.7264,36.7847]]]]},"properties":{"name":"Μεσσηνία","id":36}},
{"type":"Feature","geometry":{"type":"MultiPolygon","coordinates":[[[[22.252,37.1693],[22.2719,37.1396],[22.2793,37.1138],[22.298,37.1107],[22.3019,37.09],[22.2928,37.0699],[22.273,37.0591],[22.272,37.0443],[22.3172,37.0425],[22.3269,37.0135],[22.3505,36.9918],[22.3542,36.972],[22.3462,36.9351],[22.3626,36.9181],[22.3624,36.8743],[22.403,36.822],[22.3977,36.7917],[22.3852,36.7879],[22.3624,36.7454],[22.3309,36.7377],[22.3488,36.6981],[22.3663,36.6785],[22.3642,36.6015],[22.3868,36.5751],[22.3856,36.5381],[22.3466,36.5245],[22.3482,36.5104],[22.3687,36.4774],[22.4588,36.4516],[22.4715,36.4307],[22.4694,36.4067],[22.4948,36.404],[22.5021,36.4436],[22.5023,36.4954],[22.4726,36.5284],[22.482,36.5544],[22.4732,36.5926],[22.4761,36.6131],[22.4941,36.6192],[22.51,36.6029],[22.5285,36.6163],[22.5256,36.6282],[22.5003,36.6545],[22.5203,36.6847],[22.5234,36.7087],[22.537,36.7211],[22.57,36.7327],[22.5658,36.7759],[22.6184,36.8048],[22.7461,36.8055],[22.7856,36.797],[22.7981,36.7497],[22.8134,36.7327],[22.8202,36.7031],[22.8042,36.6813],[22.8203,36.6597],[22.8383,36.688],[22.8828,36.6484],[22.8845,36.6112],[22.9222,36.5951],[22.9445,36.5713],[22.9587,36.5364],[22.9849,36.5185],[23.0164,36.5289],[23.0378,36.5251],[23.0662,36.5037],[23.0621,36.4739],[23.087,36.4419],[23.1061,36.441],[23.1308,36.4276],[23.1448,36.4407],[23.1968,36.4347],[23.1948,36.4588],[23.1645,36.4697],[23.1588,36.4859],[23.1296,36.4961],[23.1468,36.5331],[23.1286,36.5581],[23.0997,36.5643],[23.0676,36.5853],[23.0566,36.6054],[23.0319,36.6274],[23.0261,36.6567],[23.0392,36.6767],[23.0241,36.7126],[23.0279,36.7288],[23.0504,36.7432],[23.0865,36.729],[23.0843,36.76],[23.109,36.7706],[23.0898,36.7859],[23.0828,36.8205],[23.047,36.8521],[23.0502,36.8656],[23.0329,36.9073],[23.0138,36.9362],[23.0171,36.9452],[22.9913,36.9718],[23.0065,36.9874],[23.0021,37.0253],[22.982,37.0479],[22.9563,37.0238],[22.9184,37.0158],[22.901,37.0292],[22.8768,37.0222],[22.8574,36.9987],[22.8025,37.0159],[22.793,37.0345],[22.7612,37.0563],[22.7408,37.055],[22.7323,37.0403],[22.707,37.0377],[22.6838,37.068],[22.7067,37.0938],[22.6581,37.1368],[22.6348,37.1693],[22.6307,37.2054],[22.6086,37.2301],[22.6114,37.2784],[22.6047,37.2969],[22.5523,37.2852],[22.5275,37.3173],[22.4945,37.32],[22.4822,37.3131],[22.4512,37.3282],[22.4354,37.3225],[22.4161,37.335],[22.4017,37.3225],[22.4103,37.2897],[22.4289,37.2662],[22.4202,37.2422],[22.4223,37.2164],[22.3933,37.2272],[22.368,37.2121],[22.336,37.218],[22.3401,37.2336],[22.2971,37.249],[22.29,37.2816],[22.2534,37.2688],[22.2207,37.2682],[22.2365,37.2039],[22.2514,37.185],[22.252,37.1693]]],[[[22.9832,36.4784],[22.9805,36.5108],[22.9485,36.5016],[22.9275,36.4811],[22.9495,36.474],[22.9832,36.4784]]]]},"properties":{"name":"Λακωνία","id":30}},
{"type":"Feature","geometry":{"type":"MultiPolygon","coordinates":[[[[20.204,39.181],[20.1641,39.2277],[20.137,39.24],[20.1269,39.2271],[20.1424,39.1996],[20.1835,39.179],[20.204,39.181]]],[[[19.8679,39.8159],[19.8463,39.8224],[19.8214,39.8017],[19.7954,39.7904],[19.7494,39.7994],[19.7151,39.7898],[19.6938,39.7987],[19.669,39.7911],[19.6461,39.766],[19.6412,39.7499],[19.6565,39.7208],[19.6832,39.7091],[19.6737,39.6848],[19.7259,39.658],[19.7464,39.6239],[19.7727,39.6122],[19.7749,39.6014],[19.8057,39.593],[19.829,39.5748],[19.8499,39.5453],[19.8423,39.5298],[19.853,39.49],[19.8726,39.4536],[19.9168,39.4314],[19.9341,39.4315],[19.9783,39.4171],[20.0014,39.3987],[20.0326,39.3911],[20.0858,39.3657],[20.1119,39.3608],[20.1222,39.38],[20.0987,39.405],[20.0955,39.4224],[20.0684,39.4557],[20.0333,39.4359],[20.0103,39.4372],[20.0016,39.4569],[19.9692,39.4607],[19.9358,39.4756],[19.9236,39.505],[19.9235,39.5281],[19.9093,39.5675],[19.9139,39.5911],[19.9275,39.5963],[19.9257,39.6274],[19.9071,39.6266],[19.8506,39.647],[19.8414,39.6592],[19.838,39.6957],[19.8452,39.7076],[19.8801,39.7225],[19.9294,39.7355],[19.9567,39.7759],[19.8868,39.7983],[19.8679,39.8159]]]]},"properties":{"name":"Κέρκυρα","id":24}},
{"type":"Feature","geometry":{"type":"Polygon","coordinates":[[[21.8639,39.9582],[21.8075,39.9642],[21.7949,39.9602],[21.7759,39.9864],[21.7986,39.9905],[21.815,40.0131],[21.7895,40.049],[21.7889,40.1047],[21.7675,40.1091],[21.7352,40.0915],[21.7142,40.11],[21.6997,40.1102],[21.7071,40.153],[21.686,40.1731],[21.6516,40.1922],[21.6163,40.1754],[21.5968,40.1549],[21.5705,40.1607],[21.5425,40.1778],[21.5278,40.2139],[21.4832,40.2375],[21.3787,40.2279],[21.3618,40.2328],[21.3363,40.2113],[21.3116,40.2172],[21.3049,40.1968],[21.2738,40.1901],[21.261,40.1706],[21.2354,40.158],[21.2112,40.1563],[21.192,40.1745],[21.1564,40.1527],[21.1058,40.1522],[21.0701,40.1831],[21.0483,40.1479],[21.0273,40.143],[21.0042,40.1544],[20.9577,40.1318],[20.9889,40.1012],[20.9886,40.0858],[21.0107,40.0557],[21.0513,40.0667],[21.085,40.0511],[21.0782,40.0129],[21.0589,39.9922],[21.0252,39.9933],[21.0466,39.9699],[21.0769,39.9494],[21.0998,39.8787],[21.1315,39.8643],[21.1633,39.8584],[21.1793,39.8775],[21.2319,39.8893],[21.2702,39.8785],[21.2965,39.8578],[21.3214,39.8677],[21.3231,39.8471],[21.3374,39.8309],[21.4026,39.8423],[21.4241,39.8708],[21.4325,39.8958],[21.4749,39.9],[21.4859,39.8893],[21.5237,39.9],[21.5585,39.8865],[21.5811,39.8948],[21.621,39.8687],[21.649,39.8737],[21.6732,39.8565],[21.7057,39.8594],[21.7192,39.8733],[21.7929,39.8461],[21.8326,39.8619],[21.8884,39.8512],[21.9182,39.8526],[21.9112,39.89],[21.9004,39.903],[21.9082,39.9258],[21.8639,39.9582]]]},"properties":{"name":"Γρεβενά","id":8}},
{"type":"Feature","geometry":{"type":"MultiPolygon","coordinates":[[[[26.7521,37.8123],[26.7361,37.8123],[26.6599,37.7894],[26.6436,37.7736],[26.6091,37.7688],[26.5691,37.7342],[26.5852,37.7049],[26.5904,37.6763],[26.6202,37.6851],[26.6418,37.7024],[26.6816,37.7087],[26.7218,37.7096],[26.7523,37.6961],[26.7936,37.6427],[26.8167,37.6374],[26.8684,37.6372],[26.8829,37.6475],[26.8873,37.67],[26.9104,37.6827],[26.9595,37.6907],[26.9768,37.7047],[27.0631,37.7094],[27.063,37.7291],[27.0291,37.751],[27.0306,37.774],[26.9993,37.7775],[26.9802,37.7927],[26.9477,37.7849],[26.9514,37.7604],[26.923,37.7733],[26.8817,37.779],[26.848,37.8062],[26.7521,37.8123]]],[[[26.4579,37.5826],[26.4428,37.6021],[26.409,37.5868],[26.4365,37.5776],[26.4579,37.5826]]],[[[26.528,37.6257],[26.5343,37.6415],[26.5155,37.6555],[26.4979,37.6304],[26.5156,37.6228],[26.5166,37.5969],[26.4961,37.5824],[26.4744,37.5837],[26.4807,37.5585],[26.4996,37.5322],[26.5143,37.5474],[26.4983,37.5754],[26.5227,37.5879],[26.5393,37.6143],[26.528,37.6257]]],[[[26.3625,37.6863],[26.2978,37.6806],[26.2206,37.6354],[26.1945,37.6267],[26.1777,37.634],[26.1255,37.6359],[26.0763,37.6333],[26.0553,37.6205],[26.0047,37.5708],[25.9738,37.5225],[25.9801,37.5114],[26.0188,37.5166],[26.0582,37.5149],[26.0755,37.5218],[26.1088,37.554],[26.127,37.5598],[26.1908,37.5627],[26.2233,37.5716],[26.2621,37.5963],[26.2935,37.6107],[26.3316,37.6451],[26.3443,37.6705],[26.3625,37.6863]]]]},"properties":{"name":"Σάμος","id":43}},
{"type":"Feature","geometry":{"type":"MultiPolygon","coordinates":[[[[26.1905,38.5419],[26.2081,38.5162],[26.25,38.505],[26.2693,38.5234],[26.2399,38.5266],[26.2255,38.5378],[26.1905,38.5419]]],[[[26.0082,38.6045],[25.94,38.5882],[25.8904,38.5887],[25.8572,38.5804],[25.8309,38.5404],[25.8436,38.5301],[25.8611,38.4947],[25.8931,38.4753],[25.9426,38.4598],[25.9571,38.4418],[25.9539,38.4196],[25.9649,38.4023],[25.9886,38.3916],[25.9951,38.3415],[25.974,38.3307],[25.96,38.2953],[25.9181,38.2999],[25.8755,38.2697],[25.8641,38.2441],[25.8877,38.2415],[25.888,38.2224],[25.9073,38.223],[25.9228,38.1978],[25.9485,38.1935],[25.9709,38.1685],[26.0218,38.1571],[26.0226,38.1789],[26.0373,38.1985],[26.066,38.2069],[26.0951,38.2081],[26.116,38.2328],[26.1035,38.2458],[26.103,38.2724],[26.1587,38.3099],[26.1563,38.3313],[26.142,38.3407],[26.1339,38.4174],[26.1526,38.4642],[26.1284,38.4882],[26.1506,38.494],[26.1584,38.5525],[26.1377,38.5656],[26.1155,38.5513],[26.0858,38.5567],[26.0632,38.5943],[26.0423,38.5891],[26.0082,38.6045]]],[[[25.5706,38.6097],[25.5419,38.5867],[25.5661,38.5594],[25.5702,38.5446],[25.6097,38.5338],[25.6199,38.5901],[25.5928,38.6069],[25.5706,38.6097]]]]},"properties":{"name":"Χίος","id":51}},
{"type":"Feature","geometry":{"type":"Polygon","coordinates":[[[20.7751,37.8403],[20.7418,37.8592],[20.7171,37.8877],[20.7103,37.9202],[20.6961,37.931],[20.6524,37.9047],[20.6326,37.8844],[20.6232,37.847],[20.6268,37.8198],[20.6486,37.7958],[20.6785,37.7901],[20.6731,37.7674],[20.6935,37.762],[20.6942,37.7429],[20.7114,37.7261],[20.7571,37.7083],[20.7655,37.6942],[20.8142,37.6522],[20.8317,37.646],[20.859,37.6564],[20.8358,37.6832],[20.8412,37.6977],[20.8788,37.7299],[20.9199,37.7364],[20.9621,37.7193],[20.9762,37.7078],[20.9908,37.7263],[20.9499,37.7449],[20.9404,37.7606],[20.8996,37.7765],[20.9023,37.8049],[20.8249,37.8372],[20.7902,37.8462],[20.7751,37.8403]]]},"properties":{"name":"Ζάκυνθος","id":14}},
{"type":"Feature","geometry":{"type":"MultiPolygon","coordinates":[[[[24.9884,39.4643],[25.0067,39.4899],[25.0244,39.4945],[25.0574,39.5304],[25.0286,39.5503],[24.9981,39.5615],[24.9774,39.5325],[24.9708,39.5096],[24.9739,39.4824],[24.9884,39.4643]]],[[[25.437,40.0053],[25.4183,40.0227],[25.4005,40.0052],[25.3726,40.0205],[25.3706,40.0012],[25.2907,39.9398],[25.2751,39.9484],[25.2615,39.975],[25.2339,40.0056],[25.1957,40.0005],[25.1548,39.9889],[25.1407,40.0074],[25.0934,39.9907],[25.0445,39.9835],[25.0515,39.9391],[25.0729,39.9178],[25.0511,39.8606],[25.0711,39.841],[25.0895,39.8376],[25.1079,39.8495],[25.1283,39.8341],[25.1618,39.8453],[25.1463,39.8102],[25.1687,39.8003],[25.2144,39.7997],[25.2045,39.8358],[25.1798,39.845],[25.2173,39.8974],[25.2553,39.9123],[25.2767,39.8969],[25.2618,39.8773],[25.2691,39.8665],[25.2442,39.8511],[25.2642,39.8334],[25.294,39.8225],[25.3034,39.7934],[25.3424,39.7828],[25.3535,39.8033],[25.3711,39.8078],[25.347,39.8333],[25.3406,39.8785],[25.3605,39.8845],[25.3568,39.9082],[25.3782,39.9123],[25.3889,39.9449],[25.4145,39.9689],[25.444,39.987],[25.437,40.0053]]],[[[26.3511,39.3797],[26.3147,39.3748],[26.2519,39.3781],[26.227,39.3835],[26.1823,39.3765],[26.1698,39.3468],[26.1815,39.337],[26.1243,39.3075],[26.0031,39.2811],[25.9576,39.2767],[25.9045,39.2842],[25.8794,39.2764],[25.8591,39.2534],[25.8614,39.2413],[25.8487,39.1824],[25.8744,39.1517],[25.8932,39.1416],[25.9346,39.1321],[25.9583,39.1039],[25.9931,39.1088],[26.0689,39.0875],[26.0836,39.0894],[26.0972,39.112],[26.1148,39.1085],[26.1234,39.1384],[26.157,39.1631],[26.156,39.1827],[26.1675,39.1958],[26.1989,39.2058],[26.2495,39.206],[26.2768,39.1984],[26.2957,39.1824],[26.2818,39.1565],[26.2509,39.1504],[26.2222,39.1307],[26.1887,39.1262],[26.1683,39.1004],[26.1339,39.0865],[26.1105,39.093],[26.0938,39.0814],[26.1203,39.0613],[26.1419,39.0299],[26.1703,39.0091],[26.1808,39.0167],[26.2146,39.0188],[26.2863,39.0013],[26.3272,38.9767],[26.3653,38.976],[26.4251,38.9632],[26.49,38.9771],[26.5178,38.9711],[26.5418,38.9891],[26.5313,39.0211],[26.486,39.0633],[26.4505,39.0818],[26.4417,39.1025],[26.4634,39.1165],[26.4875,39.1191],[26.5289,39.0824],[26.5307,39.0673],[26.5117,39.0494],[26.5398,39.0114],[26.5647,39.0188],[26.6074,39.0089],[26.6158,39.0289],[26.5938,39.0697],[26.5572,39.0961],[26.548,39.1303],[26.5299,39.1412],[26.5312,39.1608],[26.4995,39.1811],[26.4753,39.2244],[26.4365,39.2418],[26.4058,39.2625],[26.382,39.2691],[26.3843,39.285],[26.4225,39.3364],[26.3759,39.3418],[26.3503,39.3561],[26.3511,39.3797]]]]},"properties":{"name":"Λέσβος","id":33}},
{"type":"Feature","geometry":{"type":"MultiPolygon","coordinates":[[[[24.4314,37.4392],[24.4246,37.4792],[24.4005,37.4629],[24.3647,37.4214],[24.3834,37.4154],[24.3952,37.3964],[24.3999,37.3666],[24.3783,37.3507],[24.3648,37.3002],[24.393,37.3051],[24.4411,37.3478],[24.4588,37.3778],[24.4556,37.3937],[24.4841,37.3961],[24.4682,37.4277],[24.4314,37.4392]]],[[[24.3921,37.6719],[24.3624,37.6839],[24.3257,37.678],[24.3183,37.6621],[24.2944,37.6584],[24.2674,37.6065],[24.2649,37.5842],[24.2794,37.5733],[24.2718,37.5449],[24.2757,37.5224],[24.2932,37.5242],[24.3283,37.5567],[24.3566,37.5742],[24.3875,37.6081],[24.4103,37.652],[24.3921,37.6719]]],[[[24.1061,37.6451],[24.126,37.6801],[24.1366,37.7128],[24.1525,37.7364],[24.1284,37.7408],[24.1046,37.6796],[24.1061,37.6451]]],[[[24.4682,36.7424],[24.4296,36.7596],[24.4081,36.7525],[24.428,36.7249],[24.4533,36.7258],[24.47,36.7069],[24.445,36.6893],[24.3904,36.7133],[24.3944,36.7348],[24.3717,36.7311],[24.3543,36.75],[24.3373,36.733],[24.332,36.6786],[24.3178,36.6626],[24.3406,36.6527],[24.4143,36.6591],[24.4442,36.67],[24.4718,36.6597],[24.5143,36.6749],[24.5275,36.6745],[24.5476,36.7025],[24.5323,36.7459],[24.5401,36.7576],[24.5104,36.7682],[24.5062,36.7563],[24.4682,36.7424]]],[[[24.6212,36.7897],[24.6051,36.7825],[24.6152,36.7551],[24.6438,36.7432],[24.6658,36.7529],[24.6574,36.7781],[24.6212,36.7897]]],[[[24.2456,36.7696],[24.2557,36.7915],[24.2408,36.8042],[24.2211,36.801],[24.2248,36.783],[24.2456,36.7696]]],[[[24.5597,36.8467],[24.5204,36.8225],[24.5207,36.7996],[24.5432,36.773],[24.5725,36.7766],[24.5909,36.7978],[24.5949,36.8225],[24.5728,36.8312],[24.5597,36.8467]]],[[[24.6397,37.0418],[24.657,36.9994],[24.6586,36.9789],[24.6796,36.9554],[24.6812,36.9353],[24.698,36.9031],[24.7122,36.9057],[24.7494,36.9419],[24.7652,36.9502],[24.7498,36.9727],[24.7048,37.0211],[24.6674,37.0292],[24.6397,37.0418]]],[[[24.499,37.206],[24.4454,37.1922],[24.4218,37.1618],[24.4307,37.1402],[24.472,37.1258],[24.4925,37.1244],[24.5023,37.1108],[24.5257,37.132],[24.5333,37.1526],[24.523,37.1664],[24.5329,37.1931],[24.499,37.206]]],[[[25.8394,36.3569],[25.8219,36.3722],[25.7658,36.3996],[25.7274,36.3668],[25.7386,36.3522],[25.7867,36.3444],[25.8394,36.3569]]],[[[25.3558,36.441],[25.3366,36.4564],[25.3241,36.4318],[25.3558,36.441]]],[[[25.4282,36.461],[25.4225,36.4731],[25.3901,36.481],[25.3695,36.4719],[25.3712,36.4579],[25.4147,36.4584],[25.4237,36.4442],[25.4344,36.3918],[25.4145,36.3621],[25.3847,36.3668],[25.3887,36.3484],[25.4279,36.3427],[25.4409,36.3317],[25.487,36.362],[25.4874,36.4034],[25.4282,36.461]]],[[[24.9172,36.6315],[24.8566,36.6669],[24.8413,36.659],[24.859,36.6339],[24.8901,36.6292],[24.9104,36.5993],[24.9485,36.5925],[24.952,36.6205],[24.9172,36.6315]]],[[[25.1771,36.6983],[25.1836,36.7138],[25.1392,36.7154],[25.1,36.6962],[25.0595,36.6366],[25.0782,36.6354],[25.1328,36.6625],[25.1771,36.6983]]],[[[25.3113,36.7889],[25.2712,36.7831],[25.2598,36.7659],[25.2575,36.7273],[25.3218,36.6808],[25.3567,36.6424],[25.3671,36.6584],[25.3894,36.6621],[25.3833,36.6976],[25.4029,36.7138],[25.3383,36.7543],[25.3113,36.7889]]],[[[25.478,36.8288],[25.4815,36.8442],[25.4541,36.8561],[25.415,36.8326],[25.422,36.823],[25.4519,36.8189],[25.478,36.8288]]],[[[25.6744,36.897],[25.6468,36.9094],[25.6313,36.8973],[25.6358,36.8826],[25.6784,36.8746],[25.6744,36.897]]],[[[26.019,36.9333],[25.9701,36.9269],[25.9597,36.9083],[25.9757,36.9008],[25.908,36.8669],[25.8447,36.8513],[25.8398,36.8393],[25.8532,36.8168],[25.8291,36.8081],[25.7823,36.8113],[25.7611,36.7938],[25.7571,36.7752],[25.8055,36.769],[25.8268,36.7858],[25.8708,36.7904],[25.9103,36.8322],[25.9725,36.8783],[26.0068,36.8919],[26.0524,36.9001],[26.019,36.9333]]],[[[25.8286,37.1267],[25.8146,37.129],[25.7867,37.1103],[25.7971,37.0951],[25.8348,37.0931],[25.8286,37.1267]]],[[[25.5892,37.1384],[25.5767,37.1634],[25.5487,37.1828],[25.5332,37.2031],[25.4837,37.1796],[25.4655,37.1534],[25.4385,37.1374],[25.4109,37.1337],[25.3776,37.1076],[25.3664,37.0865],[25.3388,37.0807],[25.3781,37.0395],[25.3698,37.0244],[25.3968,36.9782],[25.427,36.9623],[25.4223,36.9368],[25.4344,36.9206],[25.4506,36.919],[25.4694,36.9356],[25.4849,36.9361],[25.5108,36.9543],[25.5425,36.9537],[25.555,36.9655],[25.5688,37.0097],[25.5781,37.0225],[25.5926,37.1013],[25.5987,37.1089],[25.5892,37.1384]]],[[[25.0716,36.9389],[25.0593,36.9681],[25.0737,36.9835],[25.0803,37.0346],[25.0626,37.0418],[25.0461,37.0228],[25.0211,37.0123],[25.0186,36.9837],[25.0423,36.9691],[25.0716,36.9389]]],[[[25.2311,37.1503],[25.1593,37.1218],[25.1319,37.0958],[25.1556,37.0887],[25.1073,37.0635],[25.1083,37.0428],[25.0992,37.0174],[25.1157,37.0009],[25.1358,36.9961],[25.1809,36.9747],[25.2514,37.0159],[25.2721,37.0672],[25.2557,37.0801],[25.2931,37.1439],[25.2641,37.1518],[25.2585,37.1253],[25.2194,37.1296],[25.2311,37.1503]]],[[[24.9463,37.4465],[24.9496,37.4729],[24.9308,37.5013],[24.8999,37.4941],[24.8995,37.4571],[24.8867,37.4375],[24.8576,37.4121],[24.8623,37.3947],[24.8848,37.3918],[24.8757,37.3653],[24.9729,37.401],[24.9463,37.4465]]],[[[24.7434,37.6307],[24.7089,37.6305],[24.6857,37.5996],[24.7099,37.5944],[24.736,37.6017],[24.7434,37.6307]]],[[[24.837,37.9251],[24.8282,37.9322],[24.832,37.9594],[24.7949,37.9693],[24.7929,37.9979],[24.7393,37.9894],[24.6929,37.966],[24.6853,37.9464],[24.7094,37.8714],[24.7296,37.887],[24.7664,37.8755],[24.7979,37.8347],[24.7994,37.8239],[24.8261,37.8131],[24.8254,37.7969],[24.87,37.767],[24.8869,37.7671],[24.913,37.7189],[24.9513,37.6829],[24.9582,37.7072],[24.9817,37.731],[25.0004,37.7697],[24.9517,37.7755],[24.9807,37.8133],[24.9525,37.8391],[24.9347,37.8437],[24.9568,37.8729],[24.9549,37.8968],[24.9412,37.9022],[24.8814,37.9003],[24.8434,37.9111],[24.837,37.9251]]],[[[25.2295,37.4277],[25.2002,37.4202],[25.2337,37.3975],[25.2194,37.3709],[25.2546,37.3786],[25.2567,37.3976],[25.2333,37.3992],[25.2295,37.4277]]],[[[25.3604,37.4953],[25.3454,37.4998],[25.3139,37.4916],[25.3126,37.4731],[25.3286,37.4636],[25.3243,37.4356],[25.3009,37.43],[25.3164,37.4111],[25.3375,37.4155],[25.3603,37.4077],[25.4278,37.443],[25.4593,37.4453],[25.4615,37.4745],[25.4332,37.4712],[25.4037,37.4953],[25.3604,37.4953]]],[[[25.0293,37.6758],[24.9825,37.6783],[24.9741,37.6625],[24.9925,37.642],[25.0378,37.6149],[25.0578,37.5976],[25.1025,37.579],[25.1066,37.556],[25.1424,37.5509],[25.1892,37.5245],[25.2307,37.5355],[25.2355,37.5642],[25.2536,37.5873],[25.254,37.606],[25.1894,37.6397],[25.1681,37.6364],[25.1365,37.6426],[25.1137,37.6538],[25.0861,37.6473],[25.0567,37.6505],[25.0481,37.6772],[25.0293,37.6758]]]]},"properties":{"name":"Κυκλάδες","id":29}},
{"type":"Feature","geometry":{"type":"MultiPolygon","coordinates":[[[[26.694,36.34],[26.6822,36.3592],[26.6553,36.3562],[26.6678,36.3302],[26.694,36.34]]],[[[26.3814,36.6443],[26.3747,36.6233],[26.3891,36.6144],[26.4019,36.588],[26.3629,36.5847],[26.3557,36.571],[26.2929,36.5988],[26.2636,36.5814],[26.2928,36.5204],[26.3293,36.507],[26.3631,36.5115],[26.3543,36.5615],[26.3645,36.5753],[26.4175,36.5744],[26.4616,36.5982],[26.4221,36.6281],[26.3814,36.6443]]],[[[27.1411,36.9563],[27.1084,36.9547],[27.1333,36.9221],[27.1705,36.9513],[27.1411,36.9563]]],[[[26.9056,37.0714],[26.9234,37.0387],[26.9547,37.0334],[26.925,36.9854],[26.9297,36.9466],[26.9397,36.9292],[26.9853,36.9251],[26.9866,36.9514],[27.0171,36.9465],[27.0452,36.9679],[27.0484,36.9942],[27.0364,37.0135],[27.0082,37.0116],[26.9735,37.0388],[26.9594,37.0582],[26.9056,37.0714]]],[[[26.8112,37.1991],[26.7946,37.1868],[26.7772,37.1931],[26.7676,37.1733],[26.8154,37.1557],[26.8115,37.1223],[26.8505,37.0964],[26.8839,37.1023],[26.8911,37.1148],[26.8623,37.1407],[26.8544,37.186],[26.8112,37.1991]]],[[[26.7647,37.3035],[26.7211,37.3284],[26.7158,37.3029],[26.7845,37.2804],[26.7911,37.3015],[26.7647,37.3035]]],[[[26.5748,37.3674],[26.5509,37.3661],[26.534,37.3523],[26.542,37.335],[26.5327,37.3215],[26.5295,37.2875],[26.5609,37.2875],[26.5709,37.3075],[26.5484,37.3204],[26.5652,37.348],[26.596,37.3427],[26.5934,37.3634],[26.5748,37.3674]]],[[[26.9872,37.4723],[26.943,37.4765],[26.9455,37.4474],[26.9776,37.4443],[26.9872,37.4723]]],[[[27.1704,36.6189],[27.1275,36.6079],[27.1252,36.5755],[27.1368,36.5655],[27.1722,36.5578],[27.1945,36.5604],[27.214,36.5851],[27.1879,36.6201],[27.1704,36.6189]]],[[[27.2974,36.8924],[27.2799,36.9167],[27.2323,36.8939],[27.1726,36.8901],[27.1448,36.8803],[27.1044,36.8572],[27.0756,36.8502],[27.0298,36.8125],[26.9901,36.7695],[26.9636,36.7748],[26.925,36.7626],[26.9191,36.717],[26.9426,36.686],[26.962,36.6744],[26.967,36.706],[26.9832,36.7143],[26.9707,36.7377],[26.9814,36.7508],[27.016,36.764],[27.0596,36.7675],[27.1019,36.7563],[27.1258,36.7667],[27.1634,36.8027],[27.2335,36.827],[27.2735,36.8328],[27.3247,36.8456],[27.3511,36.8581],[27.3417,36.8884],[27.3235,36.8849],[27.2974,36.8924]]],[[[29.5754,36.1241],[29.6068,36.1459],[29.5714,36.1496],[29.5754,36.1241]]],[[[27.5993,36.2478],[27.5185,36.2376],[27.5208,36.2143],[27.5524,36.2181],[27.6128,36.2167],[27.6177,36.2428],[27.5993,36.2478]]],[[[28.2285,36.4456],[28.1777,36.4197],[28.1518,36.4243],[28.1178,36.4194],[28.057,36.3992],[27.9589,36.3528],[27.9166,36.3424],[27.8781,36.323],[27.8649,36.3028],[27.8267,36.2723],[27.8063,36.2708],[27.7885,36.2388],[27.7885,36.2193],[27.7682,36.1893],[27.7335,36.1698],[27.6993,36.1629],[27.7152,36.1276],[27.7106,36.1148],[27.7502,36.1054],[27.7606,36.0839],[27.755,36.0133],[27.7327,35.9605],[27.7201,35.9434],[27.7365,35.9146],[27.7748,35.8884],[27.7955,35.889],[27.8252,35.9139],[27.8632,35.9297],[27.8932,35.9636],[27.9371,36.0295],[27.9538,36.0453],[28.0136,36.0743],[28.0462,36.0755],[28.0632,36.0615],[28.0903,36.0819],[28.0948,36.1041],[28.0671,36.1113],[28.0746,36.1394],[28.0998,36.1768],[28.1367,36.1853],[28.1469,36.2259],[28.167,36.2489],[28.1743,36.2803],[28.1944,36.3102],[28.2115,36.3224],[28.2046,36.3397],[28.2217,36.3668],[28.2466,36.3864],[28.2287,36.406],[28.241,36.4361],[28.2285,36.4456]]],[[[27.3705,36.4619],[27.3592,36.4791],[27.3404,36.4768],[27.3341,36.4589],[27.2962,36.4631],[27.2966,36.4223],[27.3347,36.424],[27.3547,36.4319],[27.3642,36.4027],[27.3945,36.3778],[27.4383,36.3937],[27.4233,36.4033],[27.3705,36.4619]]],[[[27.8151,36.6239],[27.774,36.6032],[27.786,36.5846],[27.813,36.5898],[27.8219,36.5706],[27.8456,36.5624],[27.8333,36.5479],[27.8465,36.5368],[27.8706,36.5482],[27.8796,36.6021],[27.8711,36.632],[27.8465,36.6219],[27.8151,36.6239]]],[[[27.015,35.4331],[26.9901,35.4333],[26.9316,35.4176],[26.9041,35.4227],[26.8882,35.4013],[26.8457,35.3639],[26.8502,35.3534],[26.8814,35.3434],[26.9094,35.3633],[26.9301,35.3675],[26.9588,35.3939],[26.9738,35.3926],[26.9972,35.4082],[27.015,35.4331]]],[[[27.2149,35.83],[27.19,35.8044],[27.1654,35.8027],[27.1609,35.7535],[27.1666,35.7366],[27.1441,35.7138],[27.1198,35.672],[27.1212,35.6451],[27.0654,35.6049],[27.0771,35.5688],[27.1037,35.5594],[27.1131,35.5457],[27.1053,35.512],[27.1198,35.488],[27.1085,35.4669],[27.085,35.4494],[27.1139,35.4281],[27.1411,35.4179],[27.174,35.4618],[27.2013,35.481],[27.23,35.4739],[27.2424,35.4945],[27.2225,35.5118],[27.2011,35.5143],[27.2,35.5316],[27.2174,35.5488],[27.1887,35.577],[27.1589,35.6208],[27.1613,35.6554],[27.1914,35.6839],[27.2034,35.7188],[27.2171,35.7268],[27.2095,35.7603],[27.2131,35.7828],[27.2311,35.7988],[27.233,35.825],[27.2149,35.83]]],[[[27.2389,35.8455],[27.231,35.8753],[27.2408,35.9013],[27.2181,35.8996],[27.2152,35.8808],[27.1926,35.8557],[27.2012,35.8415],[27.2362,35.8331],[27.2389,35.8455]]]]},"properties":{"name":"Δωδεκάνησα","id":10}}
]}